fdc_id,ingredient_name,food_category_id,category_name,"Calcium, Ca (MG)","Carbohydrate, by difference (G)",Energy (KCAL),Energy (kJ),"Fiber, total dietary (G)","Folate, total (UG)","Iron, Fe (MG)","Magnesium, Mg (MG)","Potassium, K (MG)",Protein (G),"Sodium, Na (MG)",Total lipid (fat) (G),"Vitamin A, RAE (UG)",Vitamin B-12 (UG),"Vitamin C, total ascorbic acid (MG)",Vitamin D (D2 + D3) (UG),"Zinc, Zn (MG)",portion_description,gram_weight
319874,"HUMMUS, SABRA CLASSIC",16.0,,,,,,,,,,,,,,,,,,,,
319875,"HUMMUS, SABRA CLASSIC",16.0,,,,,,,,,,,,,,,,,,,,35.8
319876,"HUMMUS, SABRA CLASSIC",16.0,,,,,,,,,,,,,,,,,,,,
319877,Hummus,16.0,,,,,,,,,,,,,19.0,,,,,,,
319878,Hummus,16.0,,46.0,,,,,,2.33,75.9,326.0,,446.0,,,,,,1.5,,
319879,"HUMMUS, SABRA CLASSIC",16.0,,,,,,,,,,,,,,,,,,,,
319880,"HUMMUS, SABRA CLASSIC",16.0,,,,,,,,,,,,,,,,,,,,36.2
319881,"HUMMUS, SABRA CLASSIC",16.0,,,,,,,,,,,,,,,,,,,,33.4
319882,Hummus,16.0,,,,,,,,,,,,,18.7,,,,,,,
319883,Hummus,16.0,,,,,,,,,,,,,,,,,,,,
319884,Hummus,16.0,,57.0,,,,,,2.96,81.4,327.0,,444.0,,,,,,1.47,,
319885,"HUMMUS, SABRA CLASSIC",16.0,,,,,,,,,,,,,,,,,,,,
319886,"HUMMUS, SABRA CLASSIC",16.0,,,,,,,,,,,,,,,,,,,,33.2
319887,"HUMMUS, SABRA CLASSIC",16.0,,,,,,,,,,,,,,,,,,,,
319888,"HUMMUS, SABRA CLASSIC",16.0,,,,,,,,,,,,,,,,,,,,
319889,"HUMMUS, SABRA CLASSIC",16.0,,,,,,,,,,,,,,,,,,,,34.6
319890,"HUMMUS, SABRA CLASSIC",16.0,,,,,,,,,,,,,,,,,,,,
319891,"HUMMUS, SABRA CLASSIC",16.0,,,,,,,,,,,,,,,,,,,,
319892,Hummus,16.0,,,,,,,,,,,,,16.6,,,,,,,
319893,Hummus,16.0,,46.0,,,,,,2.72,69.8,320.0,,387.0,,,,,,1.42,,
319894,"HUMMUS, OTHER",16.0,,,,,,,,,,,,,,,,,,,,
319895,"HUMMUS, OTHER",16.0,,,,,,,,,,,,,,,,,,,,34.8
319896,"HUMMUS, OTHER",16.0,,,,,,,,,,,,,,,,,,,,
319897,"HUMMUS, OTHER",16.0,,,,,,,,,,,,,,,,,,,,31.4
319898,"HUMMUS, OTHER",16.0,,,,,,,,,,,,,,,,,,,,
319899,Hummus,16.0,,,,,,,,,,,,,19.1,,,,,,,
319900,Hummus,16.0,,38.0,,,,,,2.07,68.5,252.0,,489.0,,,,,,1.28,,
319901,"HUMMUS, SABRA CLASSIC",16.0,,,,,,,,,,,,,,,,,,,,
319902,"HUMMUS, SABRA CLASSIC",16.0,,,,,,,,,,,,,,,,,,,,32.0
319903,"HUMMUS, SABRA CLASSIC",16.0,,,,,,,,,,,,,,,,,,,,
319904,"HUMMUS, SABRA CLASSIC",16.0,,,,,,,,,,,,,,,,,,,,32.2
319905,"HUMMUS, SABRA CLASSIC",16.0,,,,,,,,,,,,,,,,,,,,
319906,Hummus - NFY12140O,16.0,,,,,,,,,,,,,,,,,,,,
319907,Hummus - NFY12140P,16.0,,,,,,,,,,,,,,,,,,,,
319908,Hummus,16.0,,,,,,,,,,,,,18.2,,,,,,,
319909,Hummus,16.0,,,,,,,51.0,,,,,,,,,,,,,
319910,Hummus,16.0,,,,,,,,,,,,,,,,,,,,
319911,Hummus,16.0,,,,,,,,,,,,,,,,,,,,
319912,Hummus,16.0,,51.0,,,,,,2.7,73.1,317.0,,428.0,,,,,,1.45,,
319913,Hummus,16.0,,,,,,,,,,,,,,,,,,,,
319914,Hummus,16.0,,,,,,,,,,,,,,,,,,,,
319915,Hummus - NFY12140Q,16.0,,,,,,5.7,,,,,,,,,,,,,,
319916,Hummus - NFY12140R,16.0,,,,,,,,,,,,,,,,,,,,
319917,Hummus - NFY12140S,16.0,,,,,,,,,,,,,,,,,,,,
319918,Hummus - NFY12140F,16.0,,,,,,,,,,,,,,,,,,,,
319919,Hummus - NFY12140G,16.0,,,,,,,,,,,,,,,,,,,,
319920,"Hummus, Sabra Classic - CA1, IN",16.0,,,,,,,,,,,,,,,,0.0,,,,
319921,"HUMMUS, SABRA CLASSIC",16.0,,,,,,,,,,,,,,,,,,,,
319922,"HUMMUS, SABRA CLASSIC",16.0,,,,,,,,,,,,,,,,,,,,33.6
319923,"HUMMUS, SABRA CLASSIC",16.0,,,,,,,,,,,,,,,,,,,,
319924,"HUMMUS, SABRA CLASSIC",16.0,,,,,,,,,,,,,,,,,,,,32.4
319925,"HUMMUS, SABRA CLASSIC",16.0,,,,,,,,,,,,,,,,,,,,
319926,Hummus - NFY12141C,16.0,,,,,,,,,,,,,,,,,,,,
319927,Hummus - NFY12141D,16.0,,,,,,,,,,,,,,,,,,,,
319928,Hummus,16.0,,,,,,,,,,,,,18.0,,,,,,,
319929,Hummus,16.0,,,,,,,53.0,,,,,,,,,,,,,
319930,Hummus,16.0,,46.0,,,,,,2.33,70.4,315.0,,406.0,,,,,,1.45,,
319931,Hummus,16.0,,,,,,,,,,,,,,,,,,,,
319932,Hummus,16.0,,,,,,,,,,,,,,,,,,,,
319933,Hummus - NFY12141E,16.0,,,,,,,,,,,,,,,,,,,,
319934,Hummus - NFY12141F,16.0,,,,,,5.4,,,,,,,,,,,,,,
319935,Hummus - NFY12141G,16.0,,,,,,,,,,,,,,,,,,,,
319936,Hummus - NFY12141H,16.0,,,,,,,,,,,,,,,,,,,,
319937,Hummus - NFY121416,16.0,,,,,,,,,,,,,,,,,,,,
319938,"Hummus, Sabra Classic - GA, NJ",16.0,,,,,,,,,,,,,,,,0.0,,,,
319939,"HUMMUS, SABRA CLASSIC",16.0,,,,,,,,,,,,,,,,,,,,
319940,"HUMMUS, SABRA CLASSIC",16.0,,,,,,,,,,,,,,,,,,,,36.0
319941,"HUMMUS, SABRA CLASSIC",16.0,,,,,,,,,,,,,,,,,,,,
319942,"HUMMUS, SABRA CLASSIC",16.0,,,,,,,,,,,,,,,,,,,,35.8
319943,"HUMMUS, SABRA CLASSIC",16.0,,,,,,,,,,,,,,,,,,,,
319944,Hummus - NFY1213ZV,16.0,,,,,,,,,,,,,,,,,,,,
319945,Hummus - NFY1213ZW,16.0,,,,,,,,,,,,,,,,,,,,
319946,Hummus,16.0,,,,,,,,,,,,,18.2,,,,,,,
319947,Hummus,16.0,,,,,,,49.0,,,,,,,,,,,,,
319948,Hummus,16.0,,48.0,,,,,,2.58,82.0,317.0,,423.0,,,,,,1.46,,
319949,Hummus,16.0,,,,,,,,,,,,,,,,,,,,
319950,Hummus,16.0,,,,,,,,,,,,,,,,,,,,
319951,Hummus - NFY1213ZX,16.0,,,,,,5.5,,,,,,,,,,,,,,
319952,Hummus - NFY1213ZY,16.0,,,,,,,,,,,,,,,,,,,,
319953,Hummus - NFY1213ZZ,16.0,,,,,,,,,,,,,,,,,,,,
319954,Hummus - NFY121400,16.0,,,,,,,,,,,,,,,,,,,,
319955,Hummus,16.0,,,,,,,,,,,,,,,,,,,,
319956,Hummus - NFY1213ZP,16.0,,,,,,,,,,,,,,,,,,,,
319957,"Hummus, Sabra Classic - KY, CA2",16.0,,,,,,,,,,,,,,,,0.0,,,,
319958,"HUMMUS, TRIBE CLASSIC",16.0,,,,,,,,,,,,,,,,,,,,
319959,"HUMMUS, TRIBE CLASSIC",16.0,,,,,,,,,,,,,,,,,,,,34.8
319960,"HUMMUS, TRIBE CLASSIC",16.0,,,,,,,,,,,,,,,,,,,,
319961,"HUMMUS, TRIBE CLASSIC",16.0,,,,,,,,,,,,,,,,,,,,
319962,"HUMMUS, TRIBE CLASSIC",16.0,,,,,,,,,,,,,,,,,,,,35.2
319963,"HUMMUS, TRIBE CLASSIC",16.0,,,,,,,,,,,,,,,,,,,,
319964,"HUMMUS, TRIBE CLASSIC",16.0,,,,,,,,,,,,,,,,,,,,
319965,Hummus - NFY12143C,16.0,,,,,,,,,,,,,,,,,,,,
319966,Hummus - NFY12143D,16.0,,,,,,,,,,,,,,,,,,,,
319967,Hummus,16.0,,,,,,,,,,,,,14.8,,,,,,,
319968,Hummus,16.0,,,,,,,13.0,,,,,,,,,,,,,
319969,Hummus,16.0,,,,,,,,,,,,,,,,,,,,
319970,Hummus,16.0,,26.0,,,,,,1.87,65.1,231.0,,450.0,,,,,,1.26,,
319971,Hummus,16.0,,,,,,,,,,,,,,,,,,,,
319972,Hummus,16.0,,,,,,,,,,,,,,,,,,,,
319973,Hummus - NFY12143E,16.0,,,,,,5.7,,,,,,,,,,,,,,
319974,Hummus - NFY12143F,16.0,,,,,,,,,,,,,,,,,,,,
319975,Hummus - NFY12143G,16.0,,,,,,,,,,,,,,,,,,,,
319976,Hummus - NFY121435,16.0,,,,,,,,,,,,,,,,,,,,
319977,"Hummus, Tribe Classic - GA, NJ",16.0,,,,,,,,,,,,,,,,0.0,,,,
319978,"HUMMUS, OTHER",16.0,,,,,,,,,,,,,,,,,,,,
319979,"HUMMUS, OTHER",16.0,,,,,,,,,,,,,,,,,,,,30.4
319980,"HUMMUS, OTHER",16.0,,,,,,,,,,,,,,,,,,,,32.0
319981,Hummus,16.0,,,,,,,,,,,,,11.9,,,,,,,
319982,Hummus,16.0,,,,,,,,,,,,,,,,,,,,
319983,Hummus,16.0,,32.0,,,,,,2.69,56.6,271.0,,440.0,,,,,,1.17,,
319984,"HUMMUS, TRIBE CLASSIC",16.0,,,,,,,,,,,,,,,,,,,,
319985,"HUMMUS, TRIBE CLASSIC",16.0,,,,,,,,,,,,,,,,,,,,35.4
319986,"HUMMUS, TRIBE CLASSIC",16.0,,,,,,,,,,,,,,,,,,,,
319987,"HUMMUS, TRIBE CLASSIC",16.0,,,,,,,,,,,,,,,,,,,,
319988,"HUMMUS, TRIBE CLASSIC",16.0,,,,,,,,,,,,,,,,,,,,35.6
319989,"HUMMUS, TRIBE CLASSIC",16.0,,,,,,,,,,,,,,,,,,,,
319990,"HUMMUS, TRIBE CLASSIC",16.0,,,,,,,,,,,,,,,,,,,,
319991,Hummus - NFY12141W,16.0,,,,,,,,,,,,,,,,,,,,
319992,Hummus - NFY12141X,16.0,,,,,,,,,,,,,,,,,,,,
319993,Hummus,16.0,,,,,,,,,,,,,15.2,,,,,,,
319994,Hummus,16.0,,,,,,,18.0,,,,,,,,,,,,,
319995,Hummus,16.0,,,,,,,,,,,,,,,,,,,,
319996,Hummus,16.0,,28.0,,,,,,2.03,74.4,267.0,,452.0,,,,,,1.46,,
319997,Hummus,16.0,,,,,,,,,,,,,,,,,,,,
319998,Hummus,16.0,,,,,,,,,,,,,,,,,,,,
319999,Hummus - NFY12141Y,16.0,,,,,,,,,,,,,,,,,,,,
320000,Hummus - NFY12141Z,16.0,,,,,,5.5,,,,,,,,,,,,,,
320001,Hummus - NFY121420,16.0,,,,,,,,,,,,,,,,,,,,
320002,Hummus - NFY121421,16.0,,,,,,,,,,,,,,,,,,,,
320003,Hummus - NFY12141P,16.0,,,,,,,,,,,,,,,,,,,,
320004,"Hummus, Tribe Classic - KY, PA",16.0,,,,,,,,,,,,,,,,0.0,,,,
320005,"HUMMUS, OTHER",16.0,,,,,,,,,,,,,,,,,,,,
320006,"HUMMUS, OTHER",16.0,,,,,,,,,,,,,,,,,,,,33.0
320007,"HUMMUS, OTHER",16.0,,,,,,,,,,,,,,,,,,,,
320008,"HUMMUS, OTHER",16.0,,,,,,,,,,,,,,,,,,,,
320009,"HUMMUS, OTHER",16.0,,,,,,,,,,,,,,,,,,,,34.0
320010,"HUMMUS, OTHER",16.0,,,,,,,,,,,,,,,,,,,,
320011,Hummus - NFY12142M,16.0,,,,,,,,,,,,,,,,,,,,
320012,Hummus - NFY12142N,16.0,,,,,,,,,,,,,,,,,,,,
320013,Hummus,16.0,,,,,,,,,,,,,18.8,,,,,,,
320014,Hummus,16.0,,,,,,,34.0,,,,,,,,,,,,,
320015,Hummus,16.0,,30.0,,,,,,2.24,65.0,239.0,,457.0,,,,,,1.25,,
320016,Hummus,16.0,,,,,,,,,,,,,,,,,,,,
320017,Hummus,16.0,,,,,,,,,,,,,,,,,,,,
320018,Hummus - NFY12142O,16.0,,,,,,4.9,,,,,,,,,,,,,,
320019,Hummus - NFY12142P,16.0,,,,,,,,,,,,,,,,,,,,
320020,Hummus - NFY12142Q,16.0,,,,,,,,,,,,,,,,,,,,
320021,Hummus - NFY12142R,16.0,,,,,,,,,,,,,,,,,,,,
320022,Hummus - NFY12142G,16.0,,,,,,,,,,,,,,,,,,,,
320023,"Hummus, Other - AZ, IN",16.0,,,,,,,,,,,,,,,,0.0,,,,
320025,"MILK, 2% (WAVE 22E)",1.0,,,,,,,,,,,,,,,,,,,,
320026,"MILK, 2% (WAVE 22E)",1.0,,,,,,,,,,,,,,,,,,,,223.0
320027,"MILK, 2% ",1.0,,,,,,,,,,,,,1.8,,,,,,,
320028,"MILK, 2% ",1.0,,,,,,,,,,,,,,,,,,,,
320029,"MILK, 2% ",1.0,,,,,,,,,,,,,,,,,,,,
320030,"MILK, 2% (WAVE 22E)",1.0,,,,,,,,,,,,,,,,,,,,
320031,"MILK, 2% (WAVE 22E)",1.0,,,,,,,,,,,,,,,,,,,,
320032,"MILK, 2% (WAVE 22E)",1.0,,,,,,,,,,,,,,,,,,,,224.0
320033,"MILK, 2% ",1.0,,,,,,,,,,,,,1.91,,,,,,,
320034,"MILK, 2% ",1.0,,,,,,,,,,,,,,,,,,,,
320035,"MILK, 2% ",1.0,,,,,,,,,,,,,,,,,,,,
320036,"MILK, 2% (WAVE 22E)",1.0,,,,,,,,,,,,,,,,,,,,
320037,"MILK, 2% (WAVE 22E)",1.0,,,,,,,,,,,,,,,,,,,,
320038,"MILK, 2% (WAVE 22E)",1.0,,,,,,,,,,,,,,,,,,,,232.0
320039,"MILK, 2% ",1.0,,,,,,,,,,,,,1.92,,,,,,,
320040,"MILK, 2% ",1.0,,,,,,,,,,,,,,,,,,,,
320041,"MILK, 2% ",1.0,,,,,,,,,,,,,,,,,,,,
320042,"MILK, 2% (WAVE 22E)",1.0,,,,,,,,,,,,,,,,,,,,
320043,"MILK, 2% (WAVE 22E)",1.0,,,,,,,,,,,,,,,,,,,,
320044,"MILK, 2% (WAVE 22E)",1.0,,,,,,,,,,,,,,,,,,,,224.0
320045,"MILK, 2% ",1.0,,,,,,,,,,,,,,,,,,,,
320046,"MILK, 2% ",1.0,,,,,,,,,,,,,,,,,,,,
320047,"MILK, 2% ",1.0,,,,,,,,,,,,,1.92,,,,,,,
320048,"MILK, 2% ",1.0,,,,,,,,,,,,,,,,,,,,
320049,"MILK, 2% ",1.0,,,,,,,,,,,,,,,,,,,,
320050,"MILK, 2% ",1.0,,134.0,,,,,,0.0,12.2,169.0,,42.0,,,,,,0.48,,
320051,"MILK, 2% ",1.0,,,,,,,0.0,,,,,,,,,,,,,
320052,"MILK, 2% ",1.0,,,,,,,,,,,,,,,,,,,,
320053,"MILK, 2% ",1.0,,,,,,,,,,,,,,,,,,,,
320054,"MILK, 2% ",1.0,,,,,,,,,,,,,,,,,,,,
320055,"Milk, 2%",1.0,,,,,,,,,,,,,,,,,,,,
320056,"Milk, 2%",1.0,,,,,,,,,,,,,,,,,,,,
320057,"Milk, 2%",1.0,,,,,,,,,,,,,,,0.53,,,,,
320058,"Milk, 2%",1.0,,,,,,,,,,,,,,,,,,,,
320059,"Milk, 2%",1.0,,,,,,,,,,,,,,,,,,,,
320060,"MILK, 2% (WAVE 22E)",1.0,,,,,,,,,,,,,,,,,,,,
320061,"MILK, 2% (WAVE 22E)",1.0,,,,,,,,,,,,,,,,,,,,
320062,"MILK, 2% (WAVE 22E)",1.0,,,,,,,,,,,,,,,,,,,,
320063,"MILK, 2% (WAVE 22E)",1.0,,,,,,,,,,,,,,,,,,,,976.0
320064,"MILK, 2% ",1.0,,,,,,,,,,,,,,,,,,,,
320065,"MILK, 2% ",1.0,,,,,,,,,,,,,,,,,,,,
320066,"MILK, 2% ",1.0,,,,,,,,,,,,,1.91,,,,,,,
320067,"MILK, 2% ",1.0,,,,,,,,,,,,,,,,,,,,
320068,"MILK, 2% ",1.0,,,,,,,,,,,,,,,,,,,,
320069,"MILK, 2% ",1.0,,,,,,,,,,,,,,,,,,,,
320070,"MILK, 2% ",1.0,,,,,,,,,,,,,,,,,,,,
320071,"MILK, 2% ",1.0,,,,,,,,,,,,,,,,,,,,
320072,"MILK, 2% ",1.0,,124.0,,,,,,0.0,12.0,152.0,,36.0,,,,,,0.43,,
320073,"MILK, 2% ",1.0,,,,,,,0.0,,,,,,,,,,,,,
320074,"MILK, 2% ",1.0,,,,,,,,,,,,,,,,,,,,
320075,"MILK, 2% ",1.0,,,,,,,,,,,,,,,,,,,,
320076,"MILK, 2% ",1.0,,,,,,,,,,,,,,,,,,,,
320077,"Milk, 2%",1.0,,,,,,,,,,,,,,,,,,,,
320078,"Milk, 2%",1.0,,,,,,,,,,,,,,,,,,,,
320079,"Milk, 2%",1.0,,,,,,,,,,,,,,,,,,,,
320080,"Milk, 2%",1.0,,,,,,,,,,,,,,,0.57,,,,,
320081,"Milk, 2%",1.0,,,,,,,,,,,,,,,,,,,,
320082,"Milk, 2%",1.0,,,,,,,,,,,,,,,,,,,,
320083,"MILK, 2% (WAVE 22E)",1.0,,,,,,,,,,,,,,,,,,,,
320084,"MILK, 2% (WAVE 22E)",1.0,,,,,,,,,,,,,,,,,,,,
320085,"MILK, 2% (WAVE 22E)",1.0,,,,,,,,,,,,,,,,,,,,
320086,"MILK, 2% (WAVE 22E)",1.0,,,,,,,,,,,,,,,,,,,,230.0
320087,"MILK, 2% ",1.0,,,,,,,,,,,,,,,,,,,,
320088,"MILK, 2% ",1.0,,,,,,,,,,,,,,,,,,,,
320089,"MILK, 2% ",1.0,,,,,,,,,,,,,1.97,,,,,,,
320090,"MILK, 2% ",1.0,,,,,,,,,,,,,,,,,,,,
320091,"MILK, 2% ",1.0,,,,,,,,,,,,,,,,,,,,
320092,"MILK, 2% ",1.0,,126.0,,,,,,0.0,12.0,153.0,,38.0,,,,,,0.43,,
320093,"MILK, 2% ",1.0,,,,,,,7.0,,,,,,,,,,,,,
320094,"MILK, 2% ",1.0,,,,,,,,,,,,,,,,,,,,
320095,"MILK, 2% ",1.0,,,,,,,,,,,,,,,,,,,,
320096,"MILK, 2% ",1.0,,,,,,,,,,,,,,,,,,,,
320097,"Milk, 2%",1.0,,,,,,,,,,,,,,,,,,,,
320098,"Milk, 2%",1.0,,,,,,,,,,,,,,,,,,,,
320099,"Milk, 2%",1.0,,,,,,,,,,,,,,,0.46,,,,,
320100,"Milk, 2%",1.0,,,,,,,,,,,,,,,,,,,,
320101,"Milk, 2%",1.0,,,,,,,,,,,,,,,,,,,,
320102,"MILK, 2% (WAVE 22E)",1.0,,,,,,,,,,,,,,,,,,,,
320103,"MILK, 2% (WAVE 22E)",1.0,,,,,,,,,,,,,,,,,,,,
320104,"MILK, 2% (WAVE 22E)",1.0,,,,,,,,,,,,,,,,,,,,
320105,"MILK, 2% (WAVE 22E)",1.0,,,,,,,,,,,,,,,,,,,,217.0
320106,"MILK, 2% ",1.0,,,,,,,,,,,,,,,,,,,,
320107,"MILK, 2% ",1.0,,,,,,,,,,,,,,,,,,,,
320108,"MILK, 2% ",1.0,,,,,,,,,,,,,1.87,,,,,,,
320109,"MILK, 2% ",1.0,,,,,,,,,,,,,,,,,,,,
320110,"MILK, 2% ",1.0,,,,,,,,,,,,,,,,,,,,
320111,"MILK, 2% ",1.0,,133.0,,,,,,0.0,13.2,178.0,,46.0,,,,,,0.44,,
320112,"MILK, 2% ",1.0,,,,,,,0.0,,,,,,,,,,,,,
320113,"MILK, 2% ",1.0,,,,,,,,,,,,,,,,,,,,
320114,"MILK, 2% ",1.0,,,,,,,,,,,,,,,,,,,,
320115,"MILK, 2% ",1.0,,,,,,,,,,,,,,,,,,,,
320116,"Milk, 2%",1.0,,,,,,,,,,,,,,,,,,,,
320117,"Milk, 2%",1.0,,,,,,,,,,,,,,,,,,,,
320118,"Milk, 2%",1.0,,,,,,,,,,,,,,,,,,,,
320119,"Milk, 2%",1.0,,,,,,,,,,,,,,,0.57,,,,,
320120,"Milk, 2%",1.0,,,,,,,,,,,,,,,,,,,,
320121,"Milk, 2%",1.0,,,,,,,,,,,,,,,,,,,,
320122,"MILK, 2% (WAVE 22E)",1.0,,,,,,,,,,,,,,,,,,,,
320123,"MILK, 2% (WAVE 22E)",1.0,,,,,,,,,,,,,,,,,,,,
320124,"MILK, 2% (WAVE 22E)",1.0,,,,,,,,,,,,,,,,,,,,
320125,"MILK, 2% (WAVE 22E)",1.0,,,,,,,,,,,,,,,,,,,,224.0
320126,"MILK, 2% ",1.0,,,,,,,,,,,,,,,,,,,,
320127,"MILK, 2% ",1.0,,,,,,,,,,,,,,,,,,,,
320128,"MILK, 2% ",1.0,,,,,,,,,,,,,1.85,,,,,,,
320129,"MILK, 2% ",1.0,,,,,,,,,,,,,,,,,,,,
320130,"MILK, 2% ",1.0,,,,,,,,,,,,,,,,,,,,
320131,"MILK, 2% ",1.0,,127.0,,,,,,0.0,11.7,165.0,,41.0,,,,,,0.46,,
320132,"MILK, 2% ",1.0,,,,,,,0.0,,,,,,,,,,,,,
320133,"MILK, 2% ",1.0,,,,,,,,,,,,,,,,,,,,
320134,"MILK, 2% ",1.0,,,,,,,,,,,,,,,,,,,,
320135,"MILK, 2% ",1.0,,,,,,,,,,,,,,,,,,,,
320136,"Milk, 2%",1.0,,,,,,,,,,,,,,,,,,,,
320137,"Milk, 2%",1.0,,,,,,,,,,,,,,,,,,,,
320138,"Milk, 2%",1.0,,,,,,,,,,,,,,,0.6,,,,,
320139,"Milk, 2%",1.0,,,,,,,,,,,,,,,,,,,,
320140,"Milk, 2%",1.0,,,,,,,,,,,,,,,,,,,,
320141,"MILK, 2% (WAVE 22E)",1.0,,,,,,,,,,,,,,,,,,,,
320142,"MILK, 2% (WAVE 22E)",1.0,,,,,,,,,,,,,,,,,,,,
320143,"MILK, 2% (WAVE 22E)",1.0,,,,,,,,,,,,,,,,,,,,
320144,"MILK, 2% (WAVE 22E)",1.0,,,,,,,,,,,,,,,,,,,,226.0
320145,"MILK, 2% ",1.0,,,,,,,,,,,,,,,,,,,,
320146,"MILK, 2% ",1.0,,,,,,,,,,,,,,,,,,,,
320147,"MILK, 2% ",1.0,,,,,,,,,,,,,2.06,,,,,,,
320148,"MILK, 2% ",1.0,,,,,,,,,,,,,,,,,,,,
320149,"MILK, 2% ",1.0,,,,,,,,,,,,,,,,,,,,
320150,"MILK, 2% ",1.0,,,,,,,,,,,,,,,,,,,,
320151,"MILK, 2% ",1.0,,,,,,,,,,,,,,,,,,,,
320152,"MILK, 2% ",1.0,,,,,,,,,,,,,,,,,,,,
320153,"MILK, 2% ",1.0,,125.0,,,,,,0.0,12.2,149.0,,37.0,,,,,,0.41,,
320154,"MILK, 2% ",1.0,,,,,,,0.0,,,,,,,,,,,,,
320155,"MILK, 2% ",1.0,,,,,,,,,,,,,,,,,,,,
320156,"MILK, 2% ",1.0,,,,,,,,,,,,,,,,,,,,
320157,"MILK, 2% ",1.0,,,,,,,,,,,,,,,,,,,,
320158,"Milk, 2%",1.0,,,,,,,,,,,,,,,,,,,,
320159,"Milk, 2%",1.0,,,,,,,,,,,,,,,,,,,,
320160,"Milk, 2%",1.0,,,,,,,,,,,,,,,0.65,,,,,
320161,"Milk, 2%",1.0,,,,,,,,,,,,,,,,,,,,
320162,"Milk, 2%",1.0,,,,,,,,,,,,,,,,,,,,
320163,"MILK, 2% (WAVE 22E)",1.0,,,,,,,,,,,,,,,,,,,,
320164,"MILK, 2% (WAVE 22E)",1.0,,,,,,,,,,,,,,,,,,,,
320165,"MILK, 2% (WAVE 22E)",1.0,,,,,,,,,,,,,,,,,,,,
320166,"MILK, 2% (WAVE 22E)",1.0,,,,,,,,,,,,,,,,,,,,220.0
320167,"MILK, 2% ",1.0,,,,,,,,,,,,,1.9,,,,,,,
320168,"MILK, 2% ",1.0,,,,,,,,,,,,,,,,,,,,
320169,"MILK, 2% ",1.0,,,,,,,,,,,,,,,,,,,,
320170,"MILK, 2% ",1.0,,,,,,,,,,,,,,,,,,,,
320171,"MILK, 2% (WAVE 22E)",1.0,,,,,,,,,,,,,,,,,,,,
320172,"MILK, 2% (WAVE 22E)",1.0,,,,,,,,,,,,,,,,,,,,
320173,"MILK, 2% (WAVE 22E)",1.0,,,,,,,,,,,,,,,,,,,,231.0
320174,"MILK, 2% ",1.0,,,,,,,,,,,,,1.9,,,,,,,
320175,"MILK, 2% ",1.0,,,,,,,,,,,,,,,,,,,,
320176,"MILK, 2% ",1.0,,,,,,,,,,,,,,,,,,,,
320177,"MILK, 2% (WAVE 22E)",1.0,,,,,,,,,,,,,,,,,,,,
320178,"MILK, 2% (WAVE 22E)",1.0,,,,,,,,,,,,,,,,,,,,
320179,"MILK, 2% (WAVE 22E)",1.0,,,,,,,,,,,,,,,,,,,,
320180,"MILK, 2% (WAVE 22E)",1.0,,,,,,,,,,,,,,,,,,,,226.0
320181,"MILK, 2% ",1.0,,,,,,,,,,,,,1.97,,,,,,,
320182,"MILK, 2% ",1.0,,,,,,,,,,,,,,,,,,,,
320183,"MILK, 2% ",1.0,,,,,,,,,,,,,,,,,,,,
320184,"MILK, 2% (WAVE 22E)",1.0,,,,,,,,,,,,,,,,,,,,
320185,"MILK, 2% (WAVE 22E)",1.0,,,,,,,,,,,,,,,,,,,,
320186,"MILK, 2% (WAVE 22E)",1.0,,,,,,,,,,,,,,,,,,,,228.0
320187,"MILK, 2% ",1.0,,,,,,,,,,,,,1.96,,,,,,,
320188,"MILK, 2% ",1.0,,,,,,,,,,,,,,,,,,,,
320189,"MILK, 2% ",1.0,,,,,,,,,,,,,,,,,,,,
320190,"MILK, 2% (WAVE 22E)",1.0,,,,,,,,,,,,,,,,,,,,
320191,"MILK, 2% (WAVE 22E)",1.0,,,,,,,,,,,,,,,,,,,,
320192,"MILK, 2% (WAVE 22E)",1.0,,,,,,,,,,,,,,,,,,,,229.0
320193,"MILK, 2% ",1.0,,,,,,,,,,,,,1.87,,,,,,,
320194,"MILK, 2% ",1.0,,,,,,,,,,,,,,,,,,,,
320195,"MILK, 2% ",1.0,,,,,,,,,,,,,,,,,,,,
320196,"MILK, 2% (WAVE 22E)",1.0,,,,,,,,,,,,,,,,,,,,
320197,"MILK, 2% (WAVE 22E)",1.0,,,,,,,,,,,,,,,,,,,,
320198,"MILK, 2% (WAVE 22E)",1.0,,,,,,,,,,,,,,,,,,,,222.0
320199,"MILK, 2% ",1.0,,,,,,,,,,,,,1.92,,,,,,,
320200,"MILK, 2% ",1.0,,,,,,,,,,,,,,,,,,,,
320201,"MILK, 2% ",1.0,,,,,,,,,,,,,,,,,,,,
320202,"MILK, 2% (WAVE 22E)",1.0,,,,,,,,,,,,,,,,,,,,
320203,"MILK, 2% (WAVE 22E)",1.0,,,,,,,,,,,,,,,,,,,,
320204,"MILK, 2% (WAVE 22E)",1.0,,,,,,,,,,,,,,,,,,,,229.0
320205,"MILK, 2% ",1.0,,,,,,,,,,,,,1.81,,,,,,,
320206,"MILK, 2% ",1.0,,,,,,,,,,,,,,,,,,,,
320207,"MILK, 2% ",1.0,,,,,,,,,,,,,,,,,,,,
320208,"MILK, 2% (WAVE 22E)",1.0,,,,,,,,,,,,,,,,,,,,
320209,"MILK, 2% (WAVE 22E)",1.0,,,,,,,,,,,,,,,,,,,,
320210,"MILK, 2% (WAVE 22E)",1.0,,,,,,,,,,,,,,,,,,,,
320211,"MILK, 2% (WAVE 22E)",1.0,,,,,,,,,,,,,,,,,,,,228.0
320212,"MILK, 2% ",1.0,,,,,,,,,,,,,,,,,,,,
320213,"MILK, 2% ",1.0,,,,,,,,,,,,,,,,,,,,
320214,"MILK, 2% ",1.0,,,,,,,,,,,,,1.68,,,,,,,
320215,"MILK, 2% ",1.0,,,,,,,,,,,,,,,,,,,,
320216,"MILK, 2% ",1.0,,,,,,,,,,,,,,,,,,,,
320217,"MILK, 2% ",1.0,,121.0,,,,,,0.0,11.8,152.0,,37.0,,,,,,0.42,,
320218,"MILK, 2% ",1.0,,,,,,,0.0,,,,,,,,,,,,,
320219,"MILK, 2% ",1.0,,,,,,,,,,,,,,,,,,,,
320220,"MILK, 2% ",1.0,,,,,,,,,,,,,,,,,,,,
320221,"MILK, 2% ",1.0,,,,,,,,,,,,,,,,,,,,
320222,"Milk, 2%",1.0,,,,,,,,,,,,,,,,,,,,
320223,"Milk, 2%",1.0,,,,,,,,,,,,,,,,,,,,
320224,"Milk, 2%",1.0,,,,,,,,,,,,,,,,,,,,
320225,"Milk, 2%",1.0,,,,,,,,,,,,,,,0.59,,,,,
320226,"Milk, 2%",1.0,,,,,,,,,,,,,,,,,,,,
320227,"Milk, 2%",1.0,,,,,,,,,,,,,,,,,,,,
320228,"MILK, 2% (WAVE 22E)",1.0,,,,,,,,,,,,,,,,,,,,
320229,"MILK, 2% (WAVE 22E)",1.0,,,,,,,,,,,,,,,,,,,,
320230,"MILK, 2% (WAVE 22E)",1.0,,,,,,,,,,,,,,,,,,,,
320231,"MILK, 2% (WAVE 22E)",1.0,,,,,,,,,,,,,,,,,,,,237.0
320232,"MILK, 2% ",1.0,,,,,,,,,,,,,,,,,,,,
320233,"MILK, 2% ",1.0,,,,,,,,,,,,,,,,,,,,
320234,"MILK, 2% ",1.0,,,,,,,,,,,,,1.87,,,,,,,
320235,"MILK, 2% ",1.0,,,,,,,,,,,,,,,,,,,,
320236,"MILK, 2% ",1.0,,,,,,,,,,,,,,,,,,,,
320237,"MILK, 2% ",1.0,,,,,,,,,,,,,,,,,,,,
320238,"MILK, 2% ",1.0,,,,,,,,,,,,,,,,,,,,
320239,"MILK, 2% ",1.0,,,,,,,,,,,,,,,,,,,,
320240,"MILK, 2% ",1.0,,130.0,,,,,,0.0,12.5,153.0,,37.0,,,,,,0.43,,
320241,"MILK, 2% ",1.0,,,,,,,0.0,,,,,,,,,,,,,
320242,"MILK, 2% ",1.0,,,,,,,,,,,,,,,,,,,,
320243,"MILK, 2% ",1.0,,,,,,,,,,,,,,,,,,,,
320244,"MILK, 2% ",1.0,,,,,,,,,,,,,,,,,,,,
320245,"Milk, 2%",1.0,,,,,,,,,,,,,,,,,,,,
320246,"Milk, 2%",1.0,,,,,,,,,,,,,,,,,,,,
320247,"Milk, 2%",1.0,,,,,,,,,,,,,,,,,,,,
320248,"Milk, 2%",1.0,,,,,,,,,,,,,,,0.49,,,,,
320249,"Milk, 2%",1.0,,,,,,,,,,,,,,,,,,,,
320250,"Milk, 2%",1.0,,,,,,,,,,,,,,,,,,,,
320251,"MILK, 2% (WAVE 22E)",1.0,,,,,,,,,,,,,,,,,,,,
320252,"MILK, 2% (WAVE 22E)",1.0,,,,,,,,,,,,,,,,,,,,
320253,"MILK, 2% (WAVE 22E)",1.0,,,,,,,,,,,,,,,,,,,,
320254,"MILK, 2% (WAVE 22E)",1.0,,,,,,,,,,,,,,,,,,,,228.0
320255,"MILK, 2% ",1.0,,,,,,,,,,,,,,,,,,,,
320256,"MILK, 2% ",1.0,,,,,,,,,,,,,,,,,,,,
320257,"MILK, 2% ",1.0,,,,,,,,,,,,,1.81,,,,,,,
320258,"MILK, 2% ",1.0,,,,,,,,,,,,,,,,,,,,
320259,"MILK, 2% ",1.0,,,,,,,,,,,,,,,,,,,,
320260,"MILK, 2% ",1.0,,,,,,,,,,,,,,,,,,,,
320261,"MILK, 2% ",1.0,,,,,,,,,,,,,,,,,,,,
320262,"MILK, 2% ",1.0,,,,,,,,,,,,,,,,,,,,
320263,"MILK, 2% ",1.0,,111.0,,,,,,0.0,10.3,156.0,,38.0,,,,,,0.36,,
320264,"MILK, 2% ",1.0,,,,,,,0.0,,,,,,,,,,,,,
320265,"MILK, 2% ",1.0,,,,,,,,,,,,,,,,,,,,
320266,"MILK, 2% ",1.0,,,,,,,,,,,,,,,,,,,,
320267,"MILK, 2% ",1.0,,,,,,,,,,,,,,,,,,,,
320268,"Milk, 2%",1.0,,,,,,,,,,,,,,,,,,,,
320269,"Milk, 2%",1.0,,,,,,,,,,,,,,,,,,,,
320270,"Milk, 2%",1.0,,,,,,,,,,,,,,,0.45,,,,,
320271,"Milk, 2%",1.0,,,,,,,,,,,,,,,,,,,,
320272,"Milk, 2%",1.0,,,,,,,,,,,,,,,,,,,,
320273,"MILK, 2% (WAVE 22E)",1.0,,,,,,,,,,,,,,,,,,,,
320274,"MILK, 2% (WAVE 22E)",1.0,,,,,,,,,,,,,,,,,,,,
320275,"MILK, 2% (WAVE 22E)",1.0,,,,,,,,,,,,,,,,,,,,
320276,"MILK, 2% (WAVE 22E)",1.0,,,,,,,,,,,,,,,,,,,,227.0
320277,"MILK, 2% ",1.0,,,,,,,,,,,,,,,,,,,,
320278,"MILK, 2% ",1.0,,,,,,,,,,,,,,,,,,,,
320279,"MILK, 2% ",1.0,,,,,,,,,,,,,1.93,,,,,,,
320280,"MILK, 2% ",1.0,,,,,,,,,,,,,,,,,,,,
320281,"MILK, 2% ",1.0,,,,,,,,,,,,,,,,,,,,
320282,"MILK, 2% ",1.0,,,,,,,,,,,,,,,,,,,,
320283,"MILK, 2% ",1.0,,,,,,,,,,,,,,,,,,,,
320284,"MILK, 2% ",1.0,,,,,,,,,,,,,,,,,,,,
320285,"MILK, 2% ",1.0,,129.0,,,,,,0.0,12.4,157.0,,38.0,,,,,,0.43,,
320286,"MILK, 2% ",1.0,,,,,,,6.0,,,,,,,,,,,,,
320287,"MILK, 2% ",1.0,,,,,,,,,,,,,,,,,,,,
320288,"MILK, 2% ",1.0,,,,,,,,,,,,,,,,,,,,
320289,"MILK, 2% ",1.0,,,,,,,,,,,,,,,,,,,,
320290,"Milk, 2%",1.0,,,,,,,,,,,,,,,,,,,,
320291,"Milk, 2%",1.0,,,,,,,,,,,,,,,,,,,,
320292,"Milk, 2%",1.0,,,,,,,,,,,,,,,,,,,,
320293,"Milk, 2%",1.0,,,,,,,,,,,,,,,0.52,,,,,
320294,"Milk, 2%",1.0,,,,,,,,,,,,,,,,,,,,
320295,"Milk, 2%",1.0,,,,,,,,,,,,,,,,,,,,
320296,"MILK, 2% (WAVE 22E)",1.0,,,,,,,,,,,,,,,,,,,,
320297,"MILK, 2% (WAVE 22E)",1.0,,,,,,,,,,,,,,,,,,,,
320298,"MILK, 2% (WAVE 22E)",1.0,,,,,,,,,,,,,,,,,,,,
320299,"MILK, 2% (WAVE 22E)",1.0,,,,,,,,,,,,,,,,,,,,226.0
320300,"MILK, 2% ",1.0,,,,,,,,,,,,,1.97,,,,,,,
320301,"MILK, 2% ",1.0,,,,,,,,,,,,,,,,,,,,
320302,"MILK, 2% ",1.0,,,,,,,,,,,,,,,,,,,,
320303,"MILK, 2% ",1.0,,,,,,,,,,,,,,,,,,,,
320304,"MILK, 2% ",1.0,,,,,,,,,,,,,,,,,,,,
320305,"MILK, 2% ",1.0,,,,,,,,,,,,,,,,,,,,
320306,"MILK, 2% (WAVE 22E)",1.0,,,,,,,,,,,,,,,,,,,,
320307,"MILK, 2% (WAVE 22E)",1.0,,,,,,,,,,,,,,,,,,,,
320308,"MILK, 2% (WAVE 22E)",1.0,,,,,,,,,,,,,,,,,,,,231.0
320309,"MILK, 2% ",1.0,,,,,,,,,,,,,1.94,,,,,,,
320310,"MILK, 2% ",1.0,,,,,,,,,,,,,,,,,,,,
320311,"MILK, 2% ",1.0,,,,,,,,,,,,,,,,,,,,
320312,"MILK, 2% (WAVE 22E)",1.0,,,,,,,,,,,,,,,,,,,,
320313,"MILK, 2% (WAVE 22E)",1.0,,,,,,,,,,,,,,,,,,,,
320314,"MILK, 2% (WAVE 22E)",1.0,,,,,,,,,,,,,,,,,,,,232.0
320315,"MILK, 2% ",1.0,,,,,,,,,,,,,,,,,,,,
320316,"MILK, 2% ",1.0,,,,,,,,,,,,,,,,,,,,
320317,"MILK, 2% ",1.0,,,,,,,,,,,,,1.92,,,,,,,
320318,"MILK, 2% ",1.0,,,,,,,,,,,,,,,,,,,,
320319,"MILK, 2% ",1.0,,,,,,,,,,,,,,,,,,,,
320320,"MILK, 2% ",1.0,,129.0,,,,,,0.0,12.2,156.0,,38.0,,,,,,0.43,,
320321,"MILK, 2% ",1.0,,,,,,,6.0,,,,,,,,,,,,,
320322,"MILK, 2% ",1.0,,,,,,,,,,,,,,,,,,,,
320323,"MILK, 2% ",1.0,,,,,,,,,,,,,,,,,,,,
320324,"MILK, 2% ",1.0,,,,,,,,,,,,,,,,,,,,
320325,"Milk, 2%",1.0,,,,,,,,,,,,,,,,,,,,
320326,"Milk, 2%",1.0,,,,,,,,,,,,,,,,,,,,
320327,"Milk, 2%",1.0,,,,,,,,,,,,,,,0.6,,,,,
320328,"Milk, 2%",1.0,,,,,,,,,,,,,,,,,,,,
320329,"Milk, 2%",1.0,,,,,,,,,,,,,,,,,,,,
320330,"MILK, 2% (WAVE 22E)",1.0,,,,,,,,,,,,,,,,,,,,
320331,"MILK, 2% (WAVE 22E)",1.0,,,,,,,,,,,,,,,,,,,,
320332,"MILK, 2% (WAVE 22E)",1.0,,,,,,,,,,,,,,,,,,,,
320333,"MILK, 2% (WAVE 22E)",1.0,,,,,,,,,,,,,,,,,,,,228.0
320334,"MILK, 2% ",1.0,,,,,,,,,,,,,,,,,,,,
320335,"MILK, 2% ",1.0,,,,,,,,,,,,,,,,,,,,
320336,"MILK, 2% ",1.0,,,,,,,,,,,,,1.97,,,,,,,
320337,"MILK, 2% ",1.0,,,,,,,,,,,,,,,,,,,,
320338,"MILK, 2% ",1.0,,,,,,,,,,,,,,,,,,,,
320339,"MILK, 2% ",1.0,,121.0,,,,,,0.0,11.0,164.0,,39.0,,,,,,0.44,,
320340,"MILK, 2% ",1.0,,,,,,,0.0,,,,,,,,,,,,,
320341,"MILK, 2% ",1.0,,,,,,,,,,,,,,,,,,,,
320342,"MILK, 2% ",1.0,,,,,,,,,,,,,,,,,,,,
320343,"MILK, 2% ",1.0,,,,,,,,,,,,,,,,,,,,
320344,"Milk, 2%",1.0,,,,,,,,,,,,,,,,,,,,
320345,"Milk, 2%",1.0,,,,,,,,,,,,,,,,,,,,
320346,"Milk, 2%",1.0,,,,,,,,,,,,,,,,,,,,
320347,"Milk, 2%",1.0,,,,,,,,,,,,,,,0.52,,,,,
320348,"Milk, 2%",1.0,,,,,,,,,,,,,,,,,,,,
320349,"Milk, 2%",1.0,,,,,,,,,,,,,,,,,,,,
320350,"MILK, 2% (WAVE 22E)",1.0,,,,,,,,,,,,,,,,,,,,
320351,"MILK, 2% (WAVE 22E)",1.0,,,,,,,,,,,,,,,,,,,,
320353,"Beef, Eye of Round roast/steak, lean only, raw, animal 5, select",13.0,,,,,,,,,,,,,,,,,,,,
320354,"Beef, eye of round roast, raw (ER37-R-5)",13.0,,,,,,,,,,,,,,,,,,,,838.0
320355,"Beef, eye of round steak, raw (ES36-R-5) ",13.0,,,,,,,,,,,,,,,,,,,,130.0
320356,"Proximates, Beef, Eye of Round roast/steak, lean only, raw, animal 5, select",13.0,,,,,,,,,,,23.4,,3.46,,,,,,,
320357,"Beef,  Eye of Round roast/steak, select, raw, comp13, lean (36BRERS/37BRERRS)",13.0,,,,,,,,,,,,,,,,,,,,
320358,"Beef, eye of round roast, raw (ER37-R-10)",13.0,,,,,,,,,,,,,,,,,,,,634.0
320359,"Beef, eye of round roast, raw (ER37-R-11)",13.0,,,,,,,,,,,,,,,,,,,,788.0
320360,"Beef, eye of round roast, raw (ER37-R-16)",13.0,,,,,,,,,,,,,,,,,,,,629.0
320361,"Beef, eye of round roast, raw (ER37-R-17)",13.0,,,,,,,,,,,,,,,,,,,,707.0
320362,"Beef, eye of round roast, raw (ER37-R-18)",13.0,,,,,,,,,,,,,,,,,,,,690.0
320363,"Beef, eye of round roast, raw (ER37-R-22)",13.0,,,,,,,,,,,,,,,,,,,,685.0
320364,"Beef, eye of round roast, raw (ER37-R-23)",13.0,,,,,,,,,,,,,,,,,,,,706.0
320365,"Beef, eye of round roast, raw (ER37-R-28)",13.0,,,,,,,,,,,,,,,,,,,,581.0
320366,"Beef, eye of round roast, raw (ER37-R-29)",13.0,,,,,,,,,,,,,,,,,,,,741.0
320367,"Beef, eye of round roast, raw (ER37-R-35)",13.0,,,,,,,,,,,,,,,,,,,,752.0
320368,"Beef, eye of round roast, raw (ER37-R-36)",13.0,,,,,,,,,,,,,,,,,,,,529.0
320369,"Beef, eye of round steak, raw (ES36-R-10) ",13.0,,,,,,,,,,,,,,,,,,,,113.0
320370,"Beef, eye of round steak, raw (ES36-R-11) ",13.0,,,,,,,,,,,,,,,,,,,,174.0
320371,"Beef, eye of round steak, raw (ES36-R-16) ",13.0,,,,,,,,,,,,,,,,,,,,113.0
320372,"Beef, eye of round steak, raw (ES36-R-17) ",13.0,,,,,,,,,,,,,,,,,,,,177.0
320373,"Beef, eye of round steak, raw (ES36-R-18) ",13.0,,,,,,,,,,,,,,,,,,,,132.0
320374,"Beef, eye of round steak, raw (ES36-R-22) ",13.0,,,,,,,,,,,,,,,,,,,,94.2
320375,"Beef, eye of round steak, raw (ES36-R-23) ",13.0,,,,,,,,,,,,,,,,,,,,147.0
320376,"Beef, eye of round steak, raw (ES36-R-28) ",13.0,,,,,,,,,,,,,,,,,,,,146.0
320377,"Beef, eye of round steak, raw (ES36-R-29) ",13.0,,,,,,,,,,,,,,,,,,,,189.0
320378,"Beef, eye of round steak, raw (ES36-R-35) ",13.0,,,,,,,,,,,,,,,,,,,,193.0
320379,"Beef, eye of round steak, raw (ES36-R-36) ",13.0,,,,,,,,,,,,,,,,,,,,169.0
320380,"Se - Beef,  Eye of Round roast/steak, select, raw, comp13, lean",13.0,,,,,,,,,,,,,,,,,,,,
320381,"Minerals - Beef,  Eye of Round roast/steak, select, raw, comp13, lean",13.0,,13.0,,,,,,1.37,11.4,312.0,,50.0,,,,,,3.38,,
320382,"Beef, Eye of Round roast/steak, lean only, raw, animal 10, select",13.0,,,,,,,,,,,,,,,,,,,,
320383,"Proximates, Beef, Eye of Round roast/steak, lean only, raw, animal 10, select",13.0,,,,,,,,,,,23.9,,1.91,,,,,,,
320384,"Beef, Eye of Round roast/steak, select, raw, comp5, lean (36BRERS/37BRERRS)",13.0,,,,,,,,,,,,,,,,,,,,
320385,"B12, B6, B3, B2 - Beef, Eye of Round roast/steak, select, raw, comp5, lean",13.0,,,,,,,,,,,,,,,2.09,,,,,
320386,"FA - Beef, Eye of Round roast/steak, select, raw, comp5, lean",13.0,,,,,,,,,,,,,,,,,,,,
320387,"Choles, FA - Beef, Eye of Round roast/steak, select, raw, comp5, lean",13.0,,,,,,,,,,,,,,,,,,,,
320388,"Beef, Eye of Round roast/steak, lean only, raw, animal 11, select",13.0,,,,,,,,,,,,,,,,,,,,
320389,"Proximates, Beef, Eye of Round roast/steak, lean only, raw, animal 11, select",13.0,,,,,,,,,,,23.5,,2.81,,,,,,,
320390,"Beef, Eye of Round roast/steak, lean only, raw, animal 16, select",13.0,,,,,,,,,,,,,,,,,,,,
320391,"Proximates, Beef, Eye of Round roast/steak, lean only, raw, animal 16, select",13.0,,,,,,,,,,,23.8,,2.07,,,,,,,
320392,"Beef, Eye of Round roast/steak, lean only, raw, animal 17, select",13.0,,,,,,,,,,,,,,,,,,,,
320393,"Proximates, Beef, Eye of Round roast/steak, lean only, raw, animal 17, select",13.0,,,,,,,,,,,23.8,,3.3,,,,,,,
320394,"Beef, Eye of Round roast/steak, lean only, raw, animal 18, select",13.0,,,,,,,,,,,,,,,,,,,,
320395,"Proximates, Beef, Eye of Round roast/steak, lean only, raw, animal 18, select",13.0,,,,,,,,,,,24.0,,2.24,,,,,,,
320396,"Beef, Eye of Round roast/steak, select, raw, comp6, lean (36BRERS/37BRERRS)",13.0,,,,,,,,,,,,,,,,,,,,
320397,"B12, B6, B3, B2 - Beef, Eye of Round roast/steak, select, raw, comp6, lean",13.0,,,,,,,,,,,,,,,2.04,,,,,
320398,"Choles, FA - Beef, Eye of Round roast/steak, select, raw, comp6, lean",13.0,,,,,,,,,,,,,,,,,,,,
320399,"FA - Beef, Eye of Round roast/steak, select, raw, comp6, lean",13.0,,,,,,,,,,,,,,,,,,,,
320400,"Beef, Eye of Round roast/steak, lean only, raw, animal 22, select",13.0,,,,,,,,,,,,,,,,,,,,
320401,"Proximates, Beef, Eye of Round roast/steak, lean only, raw, animal 22, select",13.0,,,,,,,,,,,23.9,,3.01,,,,,,,
320402,"Beef, Eye of Round roast/steak, lean only, raw, animal 23, select",13.0,,,,,,,,,,,,,,,,,,,,
320403,"Proximates, Beef, Eye of Round roast/steak, lean only, raw, animal 23, select",13.0,,,,,,,,,,,23.3,,3.45,,,,,,,
320404,"Beef, Eye of Round roast/steak, lean only, raw, animal 28, select",13.0,,,,,,,,,,,,,,,,,,,,
320405,"Proximates, Beef, Eye of Round roast/steak, lean only, raw, animal 28, select",13.0,,,,,,,,,,,22.9,,1.98,,,,,,,
320406,"Beef, Eye of Round roast/steak, lean only, raw, animal 29, select",13.0,,,,,,,,,,,,,,,,,,,,
320407,"Proximates, Beef, Eye of Round roast/steak, lean only, raw, animal 29, select",13.0,,,,,,,,,,,23.3,,2.27,,,,,,,
320408,"Beef, Eye of Round roast/steak, lean only, raw, animal 35, select",13.0,,,,,,,,,,,,,,,,,,,,
320409,"Proximates, Beef, Eye of Round roast/steak, lean only, raw, animal 35, select",13.0,,,,,,,,,,,22.7,,1.47,,,,,,,
320410,"Beef, Eye of Round roast/steak, lean only, raw, animal 36, select",13.0,,,,,,,,,,,,,,,,,,,,
320411,"Proximates, Beef, Eye of Round roast/steak, lean only, raw, animal 36, select",13.0,,,,,,,,,,,22.6,,1.74,,,,,,,
320413,"TOMATOES, GRAPE",11.0,,,,,,,,,,,,,,,,,,,,
320414,"TOMATOES, GRAPE",11.0,,,,,,,,,,,,,,,,,,,,
320415,"TOMATOES, GRAPE",11.0,,,,,,,,,,,,,,,,,,,,
320416,"TOMATOES, GRAPE",11.0,,,,,,,,,,,,,,,,,,,,
320417,"TOMATOES, GRAPE",11.0,,,,,,,,,,,,,,,,26.0,,,,
320418,"TOMATOES, GRAPE",11.0,,,,,,,,,,,,,,,,,,,,
320419,"TOMATOES, GRAPE",11.0,,,,,,,,,,,,,,,,,,,,
320420,"TOMATOES, GRAPE",11.0,,,,,,,,,,,,,,,,,,,,
320421,"TOMATOES, GRAPE",11.0,,,,,,,,,,,,,,,,,,,,
320422,"TOMATOES, GRAPE",11.0,,,,,,,,,,,,,,,,29.6,,,,
320423,"TOMATOES, GRAPE",11.0,,,,,,,,,,,,,,,,,,,,
320424,"TOMATOES, GRAPE",11.0,,,,,,,,,,,,,,,,,,,,
320425,"TOMATOES, GRAPE",11.0,,,,,,,,,,,,,,,,,,,,
320426,"TOMATOES, GRAPE",11.0,,,,,,,,,,,,,,,,,,,,
320427,"TOMATOES, GRAPE",11.0,,,,,,,,,,,,,,,,26.6,,,,
320428,"TOMATOES, GRAPE",11.0,,,,,,,,,,,,,,,,,,,,
320429,"TOMATOES, GRAPE",11.0,,,,,,,,,,,,,,,,,,,,
320430,"TOMATOES, GRAPE",11.0,,,,,,,,,,,,,,,,,,,,
320431,"TOMATOES, GRAPE",11.0,,,,,,,,,,,,,,,,,,,,
320432,"TOMATOES, GRAPE",11.0,,,,,,,,,,,,,,,,25.6,,,,
320433,"TOMATOES, GRAPE",11.0,,,,,,,,,,,,,,,,,,,,
320434,"TOMATOES, GRAPE",11.0,,,,,,,,,,,,,,,,,,,,
320435,"TOMATOES, GRAPE",11.0,,,,,,,,,,,,,,,,,,,,
320436,"TOMATOES, GRAPE",11.0,,,,,,,,,,,,,,,,,,,,
320437,"TOMATOES, GRAPE",11.0,,,,,,,,,,,,,,,,29.2,,,,
320438,"TOMATOES, GRAPE",11.0,,,,,,,,,,,,,,,,,,,,
320439,"TOMATOES, GRAPE",11.0,,,,,,,,,,,,,,,,,,,,
320440,"TOMATOES, GRAPE",11.0,,,,,,,,,,,,,,,,,,,,
320441,"TOMATOES, GRAPE",11.0,,,,,,,,,,,,,,,,,,,,
320442,"TOMATOES, GRAPE",11.0,,,,,,,,,,,,,,,,29.2,,,,
320443,"TOMATOES, GRAPE",11.0,,,,,,,,,,,,,,,,,,,,
320444,"TOMATOES, GRAPE",11.0,,,,,,,,,,,,,,,,,,,,155.0
320445,"TOMATOES, GRAPE",11.0,,,,,,,,,,,,,,,,,,,,
320446,"TOMATOES, GRAPE",11.0,,,,,,,,,,,,,,,,,,,,149.0
320447,"TOMATOES, GRAPE",11.0,,,,,,,,,,,,,,,,,,,,
320448,"TOMATOES, GRAPE",11.0,,,,,,,,,,,,,0.7,,,,,,,
320449,"TOMATOES, GRAPE",11.0,,,,,,,,,,,,,,,,,,,,
320450,"TOMATOES, GRAPE",11.0,,12.0,,,,,,0.31,11.9,285.0,,6.0,,,,,,0.2,,
320451,"TOMATOES, GRAPE",11.0,,,,,,,,,,,,,,,,,,,,
320452,"TOMATOES, GRAPE",11.0,,,,,,,,,,,,,,,,,,,,147.0
320453,"TOMATOES, GRAPE",11.0,,,,,,,,,,,,,,,,,,,,
320454,"TOMATOES, GRAPE",11.0,,,,,,,,,,,,,,,,,,,,152.0
320455,"TOMATOES, GRAPE",11.0,,,,,,,,,,,,,,,,,,,,
320456,"TOMATOES, GRAPE",11.0,,,,,,,,,,,,,0.6,,,,,,,
320457,"TOMATOES, GRAPE",11.0,,,,,,2.2,,,,,,,,,,,,,,
320458,"TOMATOES, GRAPE",11.0,,,,,,,,,,,,,,,,,,,,
320459,"TOMATOES, GRAPE",11.0,,15.0,,,,,,0.31,13.1,278.0,,4.0,,,,,,0.19,,
320460,"TOMATOES, GRAPE",11.0,,,,,,,,,,,,,,,,,,,,
320461,"TOMATOES, GRAPE",11.0,,,,,,,,,,,,,,,,,,,,141.0
320462,"TOMATOES, GRAPE",11.0,,,,,,,,,,,,,,,,,,,,
320463,"TOMATOES, GRAPE",11.0,,,,,,,,,,,,,,,,,,,,148.0
320464,"TOMATOES, GRAPE",11.0,,,,,,,,,,,,,,,,,,,,
320465,"TOMATOES, GRAPE",11.0,,,,,,,,,,,,,0.5,,,,,,,
320466,"TOMATOES, GRAPE",11.0,,,,,,1.9,,,,,,,,,,,,,,
320467,"TOMATOES, GRAPE",11.0,,,,,,,,,,,,,,,,,,,,
320468,"TOMATOES, GRAPE",11.0,,,,,,,,,,,,,,,,,,,,
320469,"TOMATOES, GRAPE",11.0,,9.0,,,,,,0.3,13.0,239.0,,5.0,,,,,,0.25,,
320470,"TOMATOES, GRAPE",11.0,,,,,,,,,,,,,,,,,,,,
320471,"TOMATOES, GRAPE",11.0,,,,,,,,,,,,,,,,,,,,
320472,"TOMATOES, GRAPE",11.0,,,,,,,,,,,,,,,,,,,,
320473,"TOMATOES, GRAPE",11.0,,,,,,,,,,,,,,,,,,,,
320474,"TOMATOES, GRAPE",11.0,,,,,,,9.0,,,,,,,,,,,,,
320475,"TOMATOES, GRAPE",11.0,,,,,,,,,,,,,,,,,,,,
320476,"TOMATOES, GRAPE",11.0,,,,,,,,,,,,,,,,,,,,
320477,"TOMATOES, GRAPE",11.0,,,,,,,,,,,,,,,,,,,,157.0
320478,"TOMATOES, GRAPE",11.0,,,,,,,,,,,,,,,,,,,,
320479,"TOMATOES, GRAPE",11.0,,,,,,,,,,,,,,,,32.4,,,,
320480,"TOMATOES, GRAPE",11.0,,,,,,,,,,,,,,,,,,,,
320481,"TOMATOES, GRAPE",11.0,,,,,,,,,,,,,,,,,,,,147.0
320482,"TOMATOES, GRAPE",11.0,,,,,,,,,,,,,,,,,,,,
320483,"TOMATOES, GRAPE",11.0,,,,,,,,,,,,,0.46,,,,,,,
320484,"TOMATOES, GRAPE",11.0,,10.0,,,,,,0.34,10.8,267.0,,7.0,,,,,,0.2,,
320485,"TOMATOES, GRAPE",11.0,,,,,,,,,,,,,,,,,,,,
320486,"TOMATOES, GRAPE",11.0,,,,,,,,,,,,,,,,,,,,
320487,"TOMATOES, GRAPE",11.0,,,,,,,,,,,,,,,,,,,,
320488,"TOMATOES, GRAPE",11.0,,,,,,,,,,,,,,,,25.4,,,,
320489,"TOMATOES, GRAPE",11.0,,,,,,,,,,,,,,,,,,,,
320490,"TOMATOES, GRAPE",11.0,,,,,,,,,,,,,,,,,,,,
320491,"TOMATOES, GRAPE",11.0,,,,,,,,,,,,,,,,,,,,
320492,"TOMATOES, GRAPE",11.0,,,,,,,,,,,,,,,,,,,,
320493,"TOMATOES, GRAPE",11.0,,,,,,,,,,,,,,,,23.0,,,,
320494,"TOMATOES, GRAPE",11.0,,,,,,,,,,,,,,,,,,,,
320495,"TOMATOES, GRAPE",11.0,,,,,,,,,,,,,,,,,,,,
320496,"TOMATOES, GRAPE",11.0,,,,,,,,,,,,,,,,,,,,
320497,"TOMATOES, GRAPE",11.0,,,,,,,,,,,,,,,,,,,,
320498,"TOMATOES, GRAPE",11.0,,,,,,,,,,,,,,,,24.8,,,,
320499,"TOMATOES, GRAPE",11.0,,,,,,,,,,,,,,,,,,,,
320500,"TOMATOES, GRAPE",11.0,,,,,,,,,,,,,,,,,,,,
320501,"TOMATOES, GRAPE",11.0,,,,,,,,,,,,,,,,,,,,
320502,"TOMATOES, GRAPE",11.0,,,,,,,,,,,,,0.82,,,,,,,
320503,"TOMATOES, GRAPE",11.0,,10.0,,,,,,0.44,10.7,243.0,,3.0,,,,,,0.18,,
320504,"TOMATOES, GRAPE",11.0,,,,,,,,,,,,,,,,,,,,
320505,"TOMATOES, GRAPE",11.0,,,,,,,,,,,,,,,,,,,,
320506,"TOMATOES, GRAPE",11.0,,,,,,,,,,,,,,,,32.1,,,,
320507,"TOMATOES, GRAPE",11.0,,,,,,,,,,,,,,,,,,,,
320508,"TOMATOES, GRAPE",11.0,,,,,,,,,,,,,,,,,,,,
320509,"TOMATOES, GRAPE",11.0,,,,,,,,,,,,,,,,,,,,
320510,"TOMATOES, GRAPE",11.0,,,,,,,,,,,,,,,,,,,,
320511,"TOMATOES, GRAPE",11.0,,,,,,,,,,,,,,,,22.4,,,,
320512,"TOMATOES, GRAPE",11.0,,,,,,,,,,,,,,,,,,,,
320513,"TOMATOES, GRAPE",11.0,,,,,,,,,,,,,,,,,,,,156.0
320514,"TOMATOES, GRAPE",11.0,,,,,,,,,,,,,,,,,,,,
320515,"TOMATOES, GRAPE",11.0,,,,,,,,,,,,,,,,,,,,161.0
320516,"TOMATOES, GRAPE",11.0,,,,,,,,,,,,,,,,,,,,
320517,"TOMATOES, GRAPE",11.0,,,,,,,,,,,,,0.69,,,,,,,
320518,"TOMATOES, GRAPE",11.0,,,,,,2.2,,,,,,,,,,,,,,
320519,"TOMATOES, GRAPE",11.0,,,,,,,,,,,,,,,,,,,,
320520,"TOMATOES, GRAPE",11.0,,,,,,,,,,,,,,,,,,,,
320521,"TOMATOES, GRAPE",11.0,,10.0,,,,,,0.28,11.8,247.0,,10.0,,,,,,0.19,,
320522,"TOMATOES, GRAPE",11.0,,,,,,,,,,,,,,,,,,,,
320523,"TOMATOES, GRAPE",11.0,,,,,,,,,,,,,,,,,,,,
320524,"TOMATOES, GRAPE",11.0,,,,,,,,,,,,,,,,,,,,
320525,"TOMATOES, GRAPE",11.0,,,,,,,,,,,,,,,,,,,,
320526,"TOMATOES, GRAPE",11.0,,,,,,,10.0,,,,,,,,,,,,,
320527,"TOMATOES, GRAPE",11.0,,,,,,,,,,,,,,,,,,,,
321358,"Hummus, commercial",16.0,Ontology Name For Source,41.0,14.9,229.0,960.0,5.4,36.0,2.41,71.1,289.0,7.35,438.0,17.1,1.0,,0.0,,1.38,,33.9
321358,"Hummus, commercial",16.0,Ontology ID For Source,41.0,14.9,229.0,960.0,5.4,36.0,2.41,71.1,289.0,7.35,438.0,17.1,1.0,,0.0,,1.38,,33.9
321358,"Hummus, commercial",16.0,FoodOn Ontology Name For FDC Item,41.0,14.9,229.0,960.0,5.4,36.0,2.41,71.1,289.0,7.35,438.0,17.1,1.0,,0.0,,1.38,,33.9
321358,"Hummus, commercial",16.0,FoodOn Ontology ID For FDC Item,41.0,14.9,229.0,960.0,5.4,36.0,2.41,71.1,289.0,7.35,438.0,17.1,1.0,,0.0,,1.38,,33.9
321358,"Hummus, commercial",16.0,NCBI Taxon Parent,41.0,14.9,229.0,960.0,5.4,36.0,2.41,71.1,289.0,7.35,438.0,17.1,1.0,,0.0,,1.38,,33.9
321358,"Hummus, commercial",16.0,NCBI Taxon,41.0,14.9,229.0,960.0,5.4,36.0,2.41,71.1,289.0,7.35,438.0,17.1,1.0,,0.0,,1.38,,33.9
321359,"Milk, reduced fat, fluid, 2% milkfat, with added vitamin A and vitamin D",1.0,,126.0,4.91,50.0,209.0,,2.0,0.0,12.0,159.0,3.35,39.0,1.9,83.0,0.55,,1.1,0.43,,976.0
321360,"Tomatoes, grape, raw",11.0,Ontology Name For Source,11.0,5.51,27.0,113.0,2.1,10.0,0.33,11.9,260.0,0.83,6.0,0.63,,,27.2,,0.2,,152.0
321360,"Tomatoes, grape, raw",11.0,Ontology ID For Source,11.0,5.51,27.0,113.0,2.1,10.0,0.33,11.9,260.0,0.83,6.0,0.63,,,27.2,,0.2,,152.0
321360,"Tomatoes, grape, raw",11.0,FoodOn Ontology Name For FDC Item,11.0,5.51,27.0,113.0,2.1,10.0,0.33,11.9,260.0,0.83,6.0,0.63,,,27.2,,0.2,,152.0
321360,"Tomatoes, grape, raw",11.0,FoodOn Ontology ID For FDC Item,11.0,5.51,27.0,113.0,2.1,10.0,0.33,11.9,260.0,0.83,6.0,0.63,,,27.2,,0.2,,152.0
321360,"Tomatoes, grape, raw",11.0,NCBI Taxon Parent,11.0,5.51,27.0,113.0,2.1,10.0,0.33,11.9,260.0,0.83,6.0,0.63,,,27.2,,0.2,,152.0
321360,"Tomatoes, grape, raw",11.0,NCBI Taxon,11.0,5.51,27.0,113.0,2.1,10.0,0.33,11.9,260.0,0.83,6.0,0.63,,,27.2,,0.2,,152.0
321361,"SALT, MORTON, IODIZED",2.0,,,,,,,,,,,,,,,,,,,,
321362,"SALT, MORTON, IODIZED",2.0,,,,,,,,,,,,,,,,,,,,6.6
321363,Salt; iodized,2.0,,,,,,,,0.0,0.0,0.0,,,,,,,,0.0,,
321364,Salt; iodized,2.0,,,,,,,,,,,,,,,,,,,,
321365,Salt; iodized,2.0,,90.0,,,,,,,,,,37200.0,,,,,,,,
321366,"Salt, Not Iodized",2.0,,,,,,,,,,,,,,,,,,,,
321367,"SALT, MORTON, IODIZED",2.0,,,,,,,,,,,,,,,,,,,,
321368,"SALT, MORTON, IODIZED",2.0,,,,,,,,,,,,,,,,,,,,5.8
321369,Salt; iodized,2.0,,0.0,,,,,,0.0,0.0,,,,,,,,,0.0,,
321370,Salt; iodized,2.0,,,,,,,,,,,,,,,,,,,,
321371,Salt; iodized,2.0,,,,,,,,,,53.0,,38900.0,,,,,,,,
321372,"Salt, Iodized",2.0,,,,,,,,,,,,,,,,,,,,
321373,"SALT, GREAT VALUE, IODIZED",2.0,,,,,,,,,,,,,,,,,,,,
321374,"SALT, GREAT VALUE, IODIZED",2.0,,,,,,,,,,,,,,,,,,,,6.0
321375,Salt; iodized,2.0,,,,,,,,0.0,0.0,0.0,,,,,,,,0.0,,
321376,Salt; iodized,2.0,,,,,,,,,,,,,,,,,,,,
321377,Salt; iodized,2.0,,100.0,,,,,,,,,,38100.0,,,,,,,,
321378,"Salt, Iodized",2.0,,,,,,,,,,,,,,,,,,,,
321379,"SALT, HEB IODIZED",2.0,,,,,,,,,,,,,,,,,,,,
321380,"SALT, HEB IODIZED",2.0,,,,,,,,,,,,,,,,,,,,5.9
321381,Salt; iodized,2.0,,0.0,,,,,,0.0,0.0,0.0,,,,,,,,0.0,,
321382,Salt; iodized,2.0,,,,,,,,,,,,,,,,,,,,
321383,Salt; iodized,2.0,,,,,,,,,,,,37300.0,,,,,,,,
321384,"SALT, MORTON, IODIZED",2.0,,,,,,,,,,,,,,,,,,,,
321385,"SALT, MORTON, IODIZED",2.0,,,,,,,,,,,,,,,,,,,,6.1
321386,Salt; iodized,2.0,,,,,,,,0.0,0.0,0.0,,,,,,,,0.0,,
321387,Salt; iodized,2.0,,,,,,,,,,,,,,,,,,,,
321388,Salt; iodized,2.0,,69.0,,,,,,,,,,38600.0,,,,,,,,
321389,"SALT, MORTON, IODIZED",2.0,,,,,,,,,,,,,,,,,,,,
321390,"SALT, MORTON, IODIZED",2.0,,,,,,,,,,,,,,,,,,,,6.0
321391,Salt; iodized,2.0,,,,,,,,0.0,0.0,0.0,,,,,,,,0.0,,
321392,Salt; iodized,2.0,,,,,,,,,,,,,,,,,,,,
321393,Salt; iodized,2.0,,36.0,,,,,,,,,,37700.0,,,,,,,,
321394,"SALT, MORTON, IODIZED",2.0,,,,,,,,,,,,,,,,,,,,
321395,"SALT, MORTON, IODIZED",2.0,,,,,,,,,,,,,,,,,,,,6.5
321396,Salt; iodized,2.0,,,,,,,,0.0,0.0,0.0,,,,,,,,0.0,,
321397,Salt; iodized,2.0,,,,,,,,,,,,,,,,,,,,
321398,Salt; iodized,2.0,,45.0,,,,,,,,,,40100.0,,,,,,,,
321399,"Salt, Iodized",2.0,,,,,,,,,,,,,,,,,,,,
321400,"SALT, MORTON, IODIZED",2.0,,,,,,,,,,,,,,,,,,,,
321401,"SALT, MORTON, IODIZED",2.0,,,,,,,,,,,,,,,,,,,,6.2
321402,Salt; iodized,2.0,,,,,,,,0.0,0.0,0.0,,,,,,,,0.0,,
321403,Salt; iodized,2.0,,,,,,,,,,,,,,,,,,,,
321404,Salt; iodized,2.0,,36.0,,,,,,,,,,38400.0,,,,,,,,
321405,"Salt, Iodized",2.0,,,,,,,,,,,,,,,,,,,,
321406,"SALT, LAURA LYNN, IODIZED",2.0,,,,,,,,,,,,,,,,,,,,
321407,"SALT, LAURA LYNN, IODIZED",2.0,,,,,,,,,,,,,,,,,,,,6.0
321408,Salt; iodized,2.0,,,,,,,,0.0,0.0,0.0,,,,,,,,0.0,,
321409,Salt; iodized,2.0,,,,,,,,,,,,,,,,,,,,
321410,Salt; iodized,2.0,,48.0,,,,,,,,,,39500.0,,,,,,,,
321411,"Salt, Iodized",2.0,,,,,,,,,,,,,,,,,,,,
321412,"SALT, ESSENTIAL EVERYDAY, IODIZED",2.0,,,,,,,,,,,,,,,,,,,,
321413,"SALT, ESSENTIAL EVERYDAY, IODIZED",2.0,,,,,,,,,,,,,,,,,,,,6.0
321414,Salt; iodized,2.0,,,,,,,,0.0,0.0,0.0,,,,,,,,0.0,,
321415,Salt; iodized,2.0,,,,,,,,,,,,,,,,,,,,
321416,Salt; iodized,2.0,,44.0,,,,,,,,,,38100.0,,,,,,,,
321417,"SALT, MORTON, IODIZED",2.0,,,,,,,,,,,,,,,,,,,,
321418,"SALT, MORTON, IODIZED",2.0,,,,,,,,,,,,,,,,,,,,5.7
321419,Salt; iodized,2.0,,,,,,,,0.0,0.0,0.0,,,,,,,,0.0,,
321420,Salt; iodized,2.0,,,,,,,,,,,,,,,,,,,,
321421,Salt; iodized,2.0,,125.0,,,,,,,,,,38300.0,,,,,,,,
321422,"Salt, Not Iodized",2.0,,,,,,,,,,,,,,,,,,,,
321423,"SALT, GREAT VALUE, IODIZED",2.0,,,,,,,,,,,,,,,,,,,,
321424,"SALT, GREAT VALUE, IODIZED",2.0,,,,,,,,,,,,,,,,,,,,6.5
321425,Salt; iodized,2.0,,,,,,,,0.0,0.0,0.0,,,,,,,,0.0,,
321426,Salt; iodized,2.0,,,,,,,,,,,,,,,,,,,,
321427,Salt; iodized,2.0,,54.0,,,,,,,,,,40300.0,,,,,,,,
321428,"Salt, Iodized",2.0,,,,,,,,,,,,,,,,,,,,
321429,"SALT, HY VEE, IODIZED",2.0,,,,,,,,,,,,,,,,,,,,
321430,"SALT, HY VEE, IODIZED",2.0,,,,,,,,,,,,,,,,,,,,6.2
321431,Salt; iodized,2.0,,,,,,,,0.0,0.0,0.0,,,,,,,,0.0,,
321432,Salt; iodized,2.0,,,,,,,,,,,,,,,,,,,,
321433,Salt; iodized,2.0,,49.0,,,,,,,,,,39100.0,,,,,,,,
321434,"Salt, Iodized",2.0,,,,,,,,,,,,,,,,,,,,
321435,"SALT, MORTON, IODIZED",2.0,,,,,,,,,,,,,,,,,,,,
321436,"SALT, MORTON, IODIZED",2.0,,,,,,,,,,,,,,,,,,,,5.9
321437,Salt; iodized,2.0,,,,,,,,0.0,0.0,0.0,,,,,,,,0.0,,
321438,Salt; iodized,2.0,,,,,,,,,,,,,,,,,,,,
321439,Salt; iodized,2.0,,33.0,,,,,,,,,,39400.0,,,,,,,,
321440,"Salt, Not Iodized",2.0,,,,,,,,,,,,,,,,,,,,
321441,"SALT, MORTON, IODIZED",2.0,,,,,,,,,,,,,,,,,,,,
321442,"SALT, MORTON, IODIZED",2.0,,,,,,,,,,,,,,,,,,,,6.4
321443,Salt; iodized,2.0,,,,,,,,0.0,0.0,0.0,,,,,,,,0.0,,
321444,Salt; iodized,2.0,,,,,,,,,,,,,,,,,,,,
321445,Salt; iodized,2.0,,44.0,,,,,,,,,,39000.0,,,,,,,,
321446,"SALT, MORTON, IODIZED",2.0,,,,,,,,,,,,,,,,,,,,
321447,"SALT, MORTON, IODIZED",2.0,,,,,,,,,,,,,,,,,,,,6.6
321448,Salt; iodized,2.0,,,,,,,,0.0,0.0,0.0,,,,,,,,0.0,,
321449,Salt; iodized,2.0,,,,,,,,,,,,,,,,,,,,
321450,Salt; iodized,2.0,,80.0,,,,,,,,,,38000.0,,,,,,,,
321451,"Salt, Iodized",2.0,,,,,,,,,,,,,,,,,,,,
321452,"SALT, GREAT VALUE, IODIZED",2.0,,,,,,,,,,,,,,,,,,,,
321453,"SALT, GREAT VALUE, IODIZED",2.0,,,,,,,,,,,,,,,,,,,,6.2
321454,Salt; iodized,2.0,,,,,,,,0.0,0.0,0.0,,,,,,,,0.0,,
321455,Salt; iodized,2.0,,,,,,,,,,,,,,,,,,,,
321456,Salt; iodized,2.0,,60.0,,,,,,,,,,38400.0,,,,,,,,
321457,"Salt, Not Iodized",2.0,,,,,,,,,,,,,,,,,,,,
321458,"SALT, SIGNATURE KITCHENS, IODIZED",2.0,,,,,,,,,,,,,,,,,,,,
321459,"SALT, SIGNATURE KITCHENS, IODIZED",2.0,,,,,,,,,,,,,,,,,,,,6.0
321460,Salt; iodized,2.0,,,,,,,,0.0,0.0,0.0,,,,,,,,0.0,,
321461,Salt; iodized,2.0,,,,,,,,,,,,,,,,,,,,
321462,Salt; iodized,2.0,,82.0,,,,,,,,,,38200.0,,,,,,,,
321463,"Salt, Iodized",2.0,,,,,,,,,,,,,,,,,,,,
321464,"SALT, FOOD CLUB, IODIZED",2.0,,,,,,,,,,,,,,,,,,,,
321465,"SALT, FOOD CLUB, IODIZED",2.0,,,,,,,,,,,,,,,,,,,,5.9
321466,Salt; iodized,2.0,,0.0,,,,,,0.0,0.0,0.0,,,,,,,,0.0,,
321467,Salt; iodized,2.0,,,,,,,,,,,,,,,,,,,,
321468,Salt; iodized,2.0,,,,,,,,,,,,,,,,,,,,
321469,Salt; iodized,2.0,,,,,,,,,,,,40700.0,,,,,,,,
321470,"Salt, Iodized",2.0,,,,,,,,,,,,,,,,,,,,
321471,"Salt, Iodized",2.0,,,,,,,,,,,,,,,,,,,,
321472,"Salt, Iodized",2.0,,,,,,,,,,,,,,,,,,,,
321473,"Salt, iodized - NFY121S6F",2.0,,,,,,,,,,,,,,,,,,,,
321474,"Salt, iodized - NFY121S6G",2.0,,,,,,,,,,,,,,,,,,,,
321475,"SALT, SHOP RITE, IODIZED",2.0,,,,,,,,,,,,,,,,,,,,
321476,"SALT, SHOP RITE, IODIZED",2.0,,,,,,,,,,,,,,,,,,,,6.3
321477,Salt; iodized,2.0,,,,,,,,0.0,0.0,0.0,,,,,,,,0.0,,
321478,Salt; iodized,2.0,,,,,,,,,,,,,,,,,,,,
321479,Salt; iodized,2.0,,44.0,,,,,,,,,,37200.0,,,,,,,,
321480,"Salt, Iodized",2.0,,,,,,,,,,,,,,,,,,,,
321481,"SALT, MORTON, IODIZED",2.0,,,,,,,,,,,,,,,,,,,,
321482,"SALT, MORTON, IODIZED",2.0,,,,,,,,,,,,,,,,,,,,5.7
321483,Salt; iodized,2.0,,,,,,,,0.0,0.0,0.0,,,,,,,,0.0,,
321484,Salt; iodized,2.0,,,,,,,,,,,,,,,,,,,,
321485,Salt; iodized,2.0,,36.0,,,,,,,,,,38200.0,,,,,,,,
321486,"Salt, Iodized",2.0,,,,,,,,,,,,,,,,,,,,
321487,"SALT, GREAT VALUE, IODIZED",2.0,,,,,,,,,,,,,,,,,,,,
321488,"SALT, GREAT VALUE, IODIZED",2.0,,,,,,,,,,,,,,,,,,,,5.7
321489,Salt; iodized,2.0,,,,,,,,0.0,0.0,0.0,,,,,,,,0.0,,
321490,Salt; iodized,2.0,,,,,,,,,,,,,,,,,,,,
321491,Salt; iodized,2.0,,48.0,,,,,,,,,,39000.0,,,,,,,,
321492,"Salt, Not Iodized",2.0,,,,,,,,,,,,,,,,,,,,
321493,"SALT, MORTON, IODIZED",2.0,,,,,,,,,,,,,,,,,,,,
321494,"SALT, MORTON, IODIZED",2.0,,,,,,,,,,,,,,,,,,,,6.0
321495,Salt; iodized,2.0,,,,,,,,0.0,0.0,0.0,,,,,,,,0.0,,
321496,Salt; iodized,2.0,,,,,,,,,,,,,,,,,,,,
321497,Salt; iodized,2.0,,34.0,,,,,,,,,,38600.0,,,,,,,,
321498,"Salt, Iodized",2.0,,,,,,,,,,,,,,,,,,,,
321499,"SALT, GREAT VALUE, IODIZED",2.0,,,,,,,,,,,,,,,,,,,,
321500,"SALT, GREAT VALUE, IODIZED",2.0,,,,,,,,,,,,,,,,,,,,5.8
321501,Salt; iodized,2.0,,,,,,,,0.0,0.0,0.0,,,,,,,,0.0,,
321502,Salt; iodized,2.0,,,,,,,,,,,,,,,,,,,,
321503,Salt; iodized,2.0,,36.0,,,,,,,,,,39600.0,,,,,,,,
321504,"Salt, Iodized",2.0,,,,,,,,,,,,,,,,,,,,
321505,"Salt, table, iodized",2.0,,50.0,,,,,,0.0,0.0,2.0,,38700.0,,,,,,0.0,,6.1
321506,"BEANS, SNAP, CANNED, DRAINED, DEL MONTE",11.0,,,,,,,,,,,,,,,,,,,,
321507,"BEANS, SNAP, CANNED, DRAINED, DEL MONTE",11.0,,,,,,,,,,,,,,,,,,,,132.0
321508,"BEANS, SNAP, CANNED, DRAINED, DEL MONTE",11.0,,,,,,,,,,,,,,,,,,,,
321509,"BEANS, SNAP, CANNED, DRAINED, DEL MONTE",11.0,,,,,,,,,,,,,,,,,,,,130.0
321510,Beans snap canned drained,11.0,,35.0,,,,,,0.96,13.7,93.0,,319.0,,,,,,0.18,,
321511,"Beans, snap, canned, drained - NFY1211Z9",11.0,,,,,,,,,,,,,0.43,,,,,,,
321512,"BEANS, SNAP, CANNED, DRAINED, DEL MONTE",11.0,,,,,,,,,,,,,,,,,,,,
321513,"BEANS, SNAP, CANNED, DRAINED, DEL MONTE",11.0,,,,,,,,,,,,,,,,,,,,
321514,"BEANS, SNAP, CANNED, DRAINED, DEL MONTE",11.0,,,,,,,,,,,,,,,,,,,,133.0
321515,"BEANS, SNAP, CANNED, DRAINED, DEL MONTE",11.0,,,,,,,,,,,,,,,,,,,,
321516,"BEANS, SNAP, CANNED, DRAINED, DEL MONTE",11.0,,,,,,,,,,,,,,,,,,,,130.0
321517,"BEANS, SNAP, CANNED, DRAINED, DEL MONTE",11.0,,,,,,,,,,,,,,,,,,,,
321518,"BEANS, SNAP, CANNED, DRAINED, DEL MONTE",11.0,,,,,,,,,,,,,,,,,,,,
321519,Beans snap canned drained,11.0,,37.0,,,,,,0.49,13.8,99.0,,327.0,,,,,,0.27,,
321520,"Beans, snap, canned, drained - NFY1211ZM",11.0,,,,,,,,,,,,,0.38,,,,,,,
321521,"BEANS, SNAP, CANNED, DRAINED, DEL MONTE",11.0,,,,,,,,,,,,,,,,,,,,
321522,"BEANS, SNAP, CANNED, DRAINED, DEL MONTE",11.0,,,,,,,,,,,,,,,,,,,,130.0
321523,"BEANS, SNAP, CANNED, DRAINED, DEL MONTE",11.0,,,,,,,,,,,,,,,,,,,,
321524,"BEANS, SNAP, CANNED, DRAINED, DEL MONTE",11.0,,,,,,,,,,,,,,,,,,,,131.0
321525,Beans snap canned drained,11.0,,34.0,,,,,,0.68,13.5,110.0,,315.0,,,,,,0.2,,
321526,"Beans, snap, canned, drained - NFY1211Z2",11.0,,,,,,,,,,,,,0.43,,,,,,,
321527,"Beans, snap, canned, drained - NFY1211Z3",11.0,,,,,,,,,,,,,,,,,,,,
321528,"BEANS, SNAP, CANNED, DRAINED, DEL MONTE",11.0,,,,,,,,,,,,,,,,,,,,
321529,"BEANS, SNAP, CANNED, DRAINED, DEL MONTE",11.0,,,,,,,,,,,,,,,,,,,,125.0
321530,"BEANS, SNAP, CANNED, DRAINED, DEL MONTE",11.0,,,,,,,,,,,,,,,,,,,,
321531,"BEANS, SNAP, CANNED, DRAINED, DEL MONTE",11.0,,,,,,,,,,,,,,,,,,,,
321532,"BEANS, SNAP, CANNED, DRAINED, DEL MONTE",11.0,,,,,,,,,,,,,,,,,,,,135.0
321533,"BEANS, SNAP, CANNED, DRAINED, DEL MONTE",11.0,,,,,,,,,,,,,,,,,,,,
321534,"BEANS, SNAP, CANNED, DRAINED, DEL MONTE",11.0,,,,,,,,,,,,,,,,,,,,
321535,Beans snap canned drained,11.0,,31.0,,,,,,0.44,12.3,96.0,,328.0,,,,,,0.16,,
321536,"Beans, snap, canned, drained - NFY1211YP",11.0,,,,,,,,,,,,,0.3,,,,,,,
321537,"Beans, snap, canned, drained - NFY1211YQ",11.0,,,,,,,,,,,,,,,,,,,,
321538,"BEANS, SNAP, CANNED, DRAINED, DEL MONTE",11.0,,,,,,,,,,,,,,,,,,,,
321539,"BEANS, SNAP, CANNED, DRAINED, DEL MONTE",11.0,,,,,,,,,,,,,,,,,,,,134.0
321540,"BEANS, SNAP, CANNED, DRAINED, DEL MONTE",11.0,,,,,,,,,,,,,,,,,,,,
321541,"BEANS, SNAP, CANNED, DRAINED, DEL MONTE",11.0,,,,,,,,,,,,,,,,,,,,
321542,"BEANS, SNAP, CANNED, DRAINED, DEL MONTE",11.0,,,,,,,,,,,,,,,,,,,,128.0
321543,"BEANS, SNAP, CANNED, DRAINED, DEL MONTE",11.0,,,,,,,,,,,,,,,,,,,,
321544,"BEANS, SNAP, CANNED, DRAINED, DEL MONTE",11.0,,,,,,,,,,,,,,,,,,,,
321545,Beans snap canned drained,11.0,,37.0,,,,,,0.54,14.3,97.0,,301.0,,,,,,0.24,,
321546,"Beans, snap, canned, drained - NFY1211YW",11.0,,,,,,,,,,,,,0.43,,,,,,,
321547,"BEANS, SNAP, CANNED, DRAINED, DEL MONTE",11.0,,,,,,,,,,,,,,,,,,,,
321548,"BEANS, SNAP, CANNED, DRAINED, DEL MONTE",11.0,,,,,,,,,,,,,,,,,,,,125.0
321549,"BEANS, SNAP, CANNED, DRAINED, DEL MONTE",11.0,,,,,,,,,,,,,,,,,,,,
321550,"BEANS, SNAP, CANNED, DRAINED, DEL MONTE",11.0,,,,,,,,,,,,,,,,,,,,
321551,"BEANS, SNAP, CANNED, DRAINED, DEL MONTE",11.0,,,,,,,,,,,,,,,,,,,,127.0
321552,"BEANS, SNAP, CANNED, DRAINED, DEL MONTE",11.0,,,,,,,,,,,,,,,,,,,,
321553,"BEANS, SNAP, CANNED, DRAINED, DEL MONTE",11.0,,,,,,,,,,,,,,,,,,,,
321554,Beans snap canned drained,11.0,,35.0,,,,,,0.53,13.3,102.0,,319.0,,,,,,0.2,,
321555,"Beans, snap, canned, drained - NFY1211ZF",11.0,,,,,,,,,,,,,0.38,,,,,,,
321556,"Beans, snap, canned, drained - NFY1211ZG",11.0,,,,,,,,,,,,,,,,,,,,
321557,"BEANS, SNAP, CANNED, DRAINED, STORE BRAND",11.0,,,,,,,,,,,,,,,,,,,,
321558,"BEANS, SNAP, CANNED, DRAINED, STORE BRAND",11.0,,,,,,,,,,,,,,,,,,,,131.0
321559,"BEANS, SNAP, CANNED, DRAINED, STORE BRAND",11.0,,,,,,,,,,,,,,,,,,,,
321560,"BEANS, SNAP, CANNED, DRAINED, STORE BRAND",11.0,,,,,,,,,,,,,,,,,,,,
321561,"BEANS, SNAP, CANNED, DRAINED, STORE BRAND",11.0,,,,,,,,,,,,,,,,,,,,124.0
321562,"BEANS, SNAP, CANNED, DRAINED, STORE BRAND",11.0,,,,,,,,,,,,,,,,,,,,
321563,"BEANS, SNAP, CANNED, DRAINED, STORE BRAND",11.0,,,,,,,,,,,,,,,,,,,,128.0
321564,Beans snap canned drained,11.0,,42.0,,,,,,1.5,11.5,90.0,,234.0,,,,,,0.22,,
321565,"Beans, snap, canned, drained - NFY1211ZZ",11.0,,,,,,,,,,,,,0.35,,,,,,,
321566,"BEANS, SNAP, CANNED, DRAINED, STORE BRAND",11.0,,,,,,,,,,,,,,,,,,,,
321567,"BEANS, SNAP, CANNED, DRAINED, STORE BRAND",11.0,,,,,,,,,,,,,,,,,,,,134.0
321568,"BEANS, SNAP, CANNED, DRAINED, STORE BRAND",11.0,,,,,,,,,,,,,,,,,,,,
321569,"BEANS, SNAP, CANNED, DRAINED, STORE BRAND",11.0,,,,,,,,,,,,,,,,,,,,
321570,Beans snap canned drained,11.0,,26.0,,,,,,0.35,10.7,76.0,,309.0,,,,,,0.14,,
321571,"Beans, snap, canned, drained - NFY12120I",11.0,,,,,,,,,,,,,0.38,,,,,,,
321572,"Beans, snap, canned, drained - NFY12120J",11.0,,,,,,,,,,,,,,,,,,,,
321573,"BEANS, SNAP, CANNED, DRAINED, STORE BRAND",11.0,,,,,,,,,,,,,,,,,,,,
321574,"BEANS, SNAP, CANNED, DRAINED, STORE BRAND",11.0,,,,,,,,,,,,,,,,,,,,127.0
321575,"BEANS, SNAP, CANNED, DRAINED, STORE BRAND",11.0,,,,,,,,,,,,,,,,,,,,
321576,"BEANS, SNAP, CANNED, DRAINED, STORE BRAND",11.0,,,,,,,,,,,,,,,,,,,,
321577,"BEANS, SNAP, CANNED, DRAINED, STORE BRAND",11.0,,,,,,,,,,,,,,,,,,,,125.0
321578,"BEANS, SNAP, CANNED, DRAINED, STORE BRAND",11.0,,,,,,,,,,,,,,,,,,,,
321579,"BEANS, SNAP, CANNED, DRAINED, STORE BRAND",11.0,,,,,,,,,,,,,,,,,,,,
321580,Beans snap canned drained,11.0,,40.0,,,,,,0.88,12.7,114.0,,183.0,,,,,,0.18,,
321581,"Beans, snap, canned, drained - NFY12120C",11.0,,,,,,,,,,,,,0.47,,,,,,,
321582,"BEANS, SNAP, CANNED, DRAINED, STORE BRAND",11.0,,,,,,,,,,,,,,,,,,,,
321583,"BEANS, SNAP, CANNED, DRAINED, STORE BRAND",11.0,,,,,,,,,,,,,,,,,,,,
321584,"BEANS, SNAP, CANNED, DRAINED, STORE BRAND",11.0,,,,,,,,,,,,,,,,,,,,
321585,"BEANS, SNAP, CANNED, DRAINED, STORE BRAND",11.0,,,,,,,,,,,,,,,,,,,,124.0
321586,"BEANS, SNAP, CANNED, DRAINED, STORE BRAND",11.0,,,,,,,,,,,,,,,,,,,,128.0
321587,"BEANS, SNAP, CANNED, DRAINED, STORE BRAND",11.0,,,,,,,,,,,,,,,,,,,,
321588,"BEANS, SNAP, CANNED, DRAINED, STORE BRAND",11.0,,,,,,,,,,,,,,,,,,,,
321589,Beans snap canned drained,11.0,,41.0,,,,,,1.35,12.1,91.0,,237.0,,,,,,0.15,,
321590,"Beans, snap, canned, drained - NFY12120P",11.0,,,,,,,,,,,,,0.41,,,,,,,
321591,"BEANS, SNAP, CANNED, DRAINED, GREAT VALUE",11.0,,,,,,,,,,,,,,,,,,,,
321592,"BEANS, SNAP, CANNED, DRAINED, GREAT VALUE",11.0,,,,,,,,,,,,,,,,,,,,128.0
321593,"BEANS, SNAP, CANNED, DRAINED, GREAT VALUE",11.0,,,,,,,,,,,,,,,,,,,,
321594,"BEANS, SNAP, CANNED, DRAINED, GREAT VALUE",11.0,,,,,,,,,,,,,,,,,,,,
321595,"BEANS, SNAP, CANNED, DRAINED, GREAT VALUE",11.0,,,,,,,,,,,,,,,,,,,,130.0
321596,"BEANS, SNAP, CANNED, DRAINED, GREAT VALUE",11.0,,,,,,,,,,,,,,,,,,,,
321597,"BEANS, SNAP, CANNED, DRAINED, GREAT VALUE",11.0,,,,,,,,,,,,,,,,,,,,
321598,Beans snap canned drained,11.0,,31.0,,,,,,0.52,11.9,88.0,,263.0,,,,,,0.19,,
321599,"Beans, snap, canned, drained - NFY121205",11.0,,,,,,,,,,,,,0.39,,,,,,,
321600,"Beans, snap, canned, drained - NFY121206",11.0,,,,,,,,,,,,,,,,,,,,
321601,"BEANS, SNAP, CANNED, DRAINED, STORE BRAND",11.0,,,,,,,,,,,,,,,,,,,,
321602,"BEANS, SNAP, CANNED, DRAINED, STORE BRAND",11.0,,,,,,,,,,,,,,,,,,,,125.0
321603,"BEANS, SNAP, CANNED, DRAINED, STORE BRAND",11.0,,,,,,,,,,,,,,,,,,,,
321604,"BEANS, SNAP, CANNED, DRAINED, STORE BRAND",11.0,,,,,,,,,,,,,,,,,,,,
321605,"BEANS, SNAP, CANNED, DRAINED, STORE BRAND",11.0,,,,,,,,,,,,,,,,,,,,129.0
321606,"BEANS, SNAP, CANNED, DRAINED, STORE BRAND",11.0,,,,,,,,,,,,,,,,,,,,
321607,"BEANS, SNAP, CANNED, DRAINED, STORE BRAND",11.0,,,,,,,,,,,,,,,,,,,,
321608,Beans snap canned drained,11.0,,38.0,,,,,,1.12,12.3,103.0,,243.0,,,,,,0.16,,
321609,"Beans, snap, canned, drained - NFY1211ZS",11.0,,,,,,,,,,,,,0.37,,,,,,,
321610,"Beans, snap, canned, drained - NFY1211ZT",11.0,,,,,,,,,,,,,,,,,,,,
321611,"Beans, snap, green, canned, regular pack, drained solids",11.0,Ontology Name For Source,36.0,4.11,21.0,86.0,,,0.78,12.7,97.0,1.04,282.0,0.39,,,,,0.19,,129.0
321611,"Beans, snap, green, canned, regular pack, drained solids",11.0,Ontology ID For Source,36.0,4.11,21.0,86.0,,,0.78,12.7,97.0,1.04,282.0,0.39,,,,,0.19,,129.0
321611,"Beans, snap, green, canned, regular pack, drained solids",11.0,FoodOn Ontology Name For FDC Item,36.0,4.11,21.0,86.0,,,0.78,12.7,97.0,1.04,282.0,0.39,,,,,0.19,,129.0
321611,"Beans, snap, green, canned, regular pack, drained solids",11.0,FoodOn Ontology ID For FDC Item,36.0,4.11,21.0,86.0,,,0.78,12.7,97.0,1.04,282.0,0.39,,,,,0.19,,129.0
321611,"Beans, snap, green, canned, regular pack, drained solids",11.0,NCBI Taxon Parent,36.0,4.11,21.0,86.0,,,0.78,12.7,97.0,1.04,282.0,0.39,,,,,0.19,,129.0
321611,"Beans, snap, green, canned, regular pack, drained solids",11.0,NCBI Taxon,36.0,4.11,21.0,86.0,,,0.78,12.7,97.0,1.04,282.0,0.39,,,,,0.19,,129.0
321612,"Broccoli, raw (IN1,NY1) - CY0906E",11.0,,,,,,,,,,,,,,,,,,,,
321613,"Broccoli, raw, 2 bunches (IN1) - NFY0905DD",11.0,,,,,,,,,,,,,,,,,,,,
321614,"Broccoli, raw, 3 bunches (NY1) - NFY0905EV",11.0,,,,,,,,,,,,,,,,,,,,
321615,"Broccoli, raw, 3 bunches (IN1) - NFY0905DC",11.0,,,,,,,,,,,,,,,,,,,,
321616,"Moisture, Broccoli, raw (IN1,NY1) - NFY0904J7",11.0,,,,,,,,,,,,,,,,,,,,
321617,"Vitamin C, Broccoli, raw (IN1,NY1) - NFY0904J9",11.0,,,,,,,,,,,,,,,,92.2,,,,
321618,"Broccoli, cooked (IN1,NY1) - CY0906K",11.0,,,,,,,,,,,,,,,,,,,,
321619,"Moisture, Broccoli, cooked (IN1,NY1) - NFY0904KJ",11.0,,,,,,,,,,,,,,,,,,,,
321620,"Vitamin C, Broccoli, cooked (IN1,NY1) - NFY0904KK",11.0,,,,,,,,,,,,,,,,78.4,,,,
321621,"Broccoli, raw (CA2,NC1) - CY0906G",11.0,,,,,,,,,,,,,,,,,,,,
321622,"Broccoli, raw, OCEAN MIST, 4 bunches; Product of USA (NC1) - NFY0905IY",11.0,,,,,,,,,,,,,,,,,,,,
321623,"Broccoli, raw, OCEAN MIST, 4 bunches; Product of USA (NC1) - NFY0905IX",11.0,,,,,,,,,,,,,,,,,,,,
321624,"Broccoli, raw, 7 bunches (CA2) - NFY0905JA",11.0,,,,,,,,,,,,,,,,,,,,
321625,"Broccoli, raw, OCEAN MIST, 3 bunches; Product of USA (NC1) - NFY0905IW",11.0,,,,,,,,,,,,,,,,,,,,
321626,"Moisture, Broccoli, raw (CA2,NC1) - NFY0904JN",11.0,,,,,,,,,,,,,,,,,,,,
321627,"Vitamin C, Broccoli, raw (CA2,NC1) - NFY0904JO",11.0,,,,,,,,,,,,,,,,104.0,,,,
321628,"Broccoli, cooked (CA2,NC1) - CY0906M",11.0,,,,,,,,,,,,,,,,,,,,
321629,"Moisture, Broccoli, cooked (CA2,NC1) - NFY0904KZ",11.0,,,,,,,,,,,,,,,,,,,,
321630,"Vitamin C, Broccoli, cooked (CA2,NC1) - NFY0904L0",11.0,,,,,,,,,,,,,,,,99.4,,,,
321631,"Broccoli, raw (AL1,CA1) - CY0906F",11.0,,,,,,,,,,,,,,,,,,,,
321632,"Broccoli, raw, 4 bunches; Product of USA (AL1) - NFY0905HL",11.0,,,,,,,,,,,,,,,,,,,,
321633,"Broccoli, raw, 4 bunches (CA1) - NFY0905IN",11.0,,,,,,,,,,,,,,,,,,,,
321634,"Broccoli, raw, 4 bunches; Product of USA (AL1) - NFY0905HK",11.0,,,,,,,,,,,,,,,,,,,,
321635,"Broccoli, raw, 4 bunches (CA1) - NFY0905IM",11.0,,,,,,,,,,,,,,,,,,,,
321636,"Moisture, Broccoli, raw (AL1,CA1) - NFY0904JF",11.0,,,,,,,,,,,,,,,,,,,,
321637,"Vitamin C, Broccoli, raw (AL1,CA1) - NFY0904JG",11.0,,,,,,,,,,,,,,,,99.3,,,,
321638,"Broccoli, cooked (AL1,CA1) - CY0906L",11.0,,,,,,,,,,,,,,,,,,,,
321639,"Moisture, Broccoli, cooked (AL1,CA1) - NFY0904KR",11.0,,,,,,,,,,,,,,,,,,,,
321640,"Vitamin C, Broccoli, cooked (AL1,CA1) - NFY0904KS",11.0,,,,,,,,,,,,,,,,92.5,,,,
321641,"Broccoli, raw (CO2,CT1) - CY0906H",11.0,,,,,,,,,,,,,,,,,,,,
321642,"Broccoli, raw, 1 Bunch (CT1) - NFY0905EK",11.0,,,,,,,,,,,,,,,,,,,,
321643,"Broccoli, raw, 1 Bunch (CT1) - NFY0905EM",11.0,,,,,,,,,,,,,,,,,,,,
321644,"Broccoli, raw, 3 Ct (CO2) - NFY0905F0",11.0,,,,,,,,,,,,,,,,,,,,
321645,"Broccoli, raw, 1 Bunch (CT1) - NFY0905EL",11.0,,,,,,,,,,,,,,,,,,,,
321646,"Moisture, Broccoli, raw (CO2,CT1) - NFY0904JV",11.0,,,,,,,,,,,,,,,,,,,,
321647,"Vitamin C, Broccoli, raw (CO2,CT1) - NFY0904JW",11.0,,,,,,,,,,,,,,,,105.0,,,,
321648,"Broccoli, cooked (CO2,CT1) - CY0906N",11.0,,,,,,,,,,,,,,,,,,,,
321649,"Moisture, Broccoli, cooked (CO2,CT1) - NFY0904L7",11.0,,,,,,,,,,,,,,,,,,,,
321650,"Vitamin C, Broccoli, cooked (CO2,CT1) - NFY0904L8",11.0,,,,,,,,,,,,,,,,93.5,,,,
321651,"Broccoli, Region 1, Pure Composite, CY01077",11.0,,,,,,,,,,,,,,,,,,,,
321652,"Broccoli, Region 1, AR1, NFY0104US",11.0,,,,,,,,,,,,,,,,,,,,
321653,"Broccoli, Region 1, AR1, NFY0104UT",11.0,,,,,,,,,,,,,,,,,,,,
321654,"Broccoli, Region 1, AR1, NFY0104UU",11.0,,,,,,,,,,,,,,,,,,,,
321655,"Broccoli, Region 1, AR1, NFY0104UV",11.0,,,,,,,,,,,,,,,,,,,,
321656,"Broccoli, Region 1, TN2, NFY0104UW",11.0,,,,,,,,,,,,,,,,,,,,
321657,"Broccoli, Region 1, TN2, NFY0104UX",11.0,,,,,,,,,,,,,,,,,,,,
321658,"Broccoli, Raw, Region 1, n/a, Yes, Carotenoids - NFY010AGR",11.0,,,,,,,,,,,,,,,,,,,,
321659,"Broccoli, Region 1, n/a, Yes, Vitamin E - NFY010488",11.0,,,,,,,,,,,,,,,,,,,,
321660,"Broccoli, Region 1, n/a, Yes, Proximates - NFY01047M",11.0,,,,,,,,,,,,,0.38,,,,,,,
321661,"Broccoli, Region 1, n/a, Yes, Minerals - NFY01047O",11.0,,44.0,,,,,,0.56,19.9,326.0,,28.0,,,,,,0.42,,
321662,"Broccoli, Region 1, n/a, Yes, Sugar - NFY01047P",11.0,,,,,,,,,,,,,,,,,,,,
321663,"Broccoli, Region 1, n/a, Yes, Fiber - NFY01047T",11.0,,,,,,2.0,,,,,,,,,,,,,,
321664,"Broccoli, Region 1, n/a, Yes, Vitamin C - NFY01047U",11.0,,,,,,,,,,,,,,,,56.7,,,,
321665,"Broccoli, Region 1, n/a, Yes, Thiamin - NFY01047V",11.0,,,,,,,,,,,,,,,,,,,,
321666,"Broccoli, Region 1, n/a, Yes, Riboflavin - NFY01047W",11.0,,,,,,,,,,,,,,,,,,,,
321667,"Broccoli, Region 1, n/a, Yes, Niacin - NFY010481",11.0,,,,,,,,,,,,,,,,,,,,
321668,"Broccoli, Region 1, n/a, Yes, Pantothenic Acid - NFY010482",11.0,,,,,,,,,,,,,,,,,,,,
321669,"Broccoli, Region 1, n/a, Yes, Vitamin B6 - NFY010483",11.0,,,,,,,,,,,,,,,,,,,,
321670,"Broccoli, Region 1, n/a, Yes, Folate - NFY010484",11.0,,,,,,,76.0,,,,,,,,,,,,,
321671,"Broccoli, Region 1, n/a, Yes, Vitamin K - NFY01048A",11.0,,,,,,,,,,,,,,,,,,,,
321672,"Broccoli, Region 1, n/a, Yes, Selenium - NFY01048B",11.0,,,,,,,,,,,,,,,,,,,,
321673,"Broccoli, Region 1, n/a, Yes, Proximates - NFY01048F",11.0,,,,,,,,,,,,,0.41,,,,,,,
321674,"Broccoli, Pass 2, Region 1, Pure Composite, CY010H2",11.0,,,,,,,,,,,,,,,,,,,,
321675,"Broccoli, Pass 2, Region 1, AR1, NFY010D0L",11.0,,,,,,,,,,,,,,,,,,,,
321676,"Broccoli, Pass 2, Region 1, AR1, NFY010D0M",11.0,,,,,,,,,,,,,,,,,,,,233.0
321677,"Broccoli, Pass 2, Region 1, TN2, NFY010D0I",11.0,,,,,,,,,,,,,,,,,,,,
321678,"Broccoli, Pass 2, Region 1, TN2, NFY010D0J",11.0,,,,,,,,,,,,,,,,,,,,
321679,"Broccoli, Pass 2, Region 1, TN2, NFY010D0K",11.0,,,,,,,,,,,,,,,,,,,,
321680,"Broccoli, Raw, Pass 2, Region 1, n/a, Yes, Carotenoids - NFY010GLR",11.0,,,,,,,,,,,,,,,,,,,,
321681,"Broccoli, Pass 2, Region 1, n/a, Yes, Vitamin K - NFY010CV2",11.0,,,,,,,,,,,,,,,,,,,,
321682,"Broccoli, Pass 2, Region 1, n/a, Yes, Proximates - NFY010CUE",11.0,,,,,,,,,,,,,0.37,,,,,,,
321683,"Broccoli, Pass 2, Region 1, n/a, Yes, Minerals - NFY010CUG",11.0,,57.0,,,,,,0.98,26.5,317.0,,,,,,,,0.42,,
321684,"Broccoli, Pass 2, Region 1, n/a, Yes, Sugar - NFY010CUH",11.0,,,,,,,,,,,,,,,,,,,,
321685,"Broccoli, Pass 2, Region 1, n/a, Yes, Vitamin C - NFY010CUL",11.0,,,,,,,,,,,,,,,,,,,,
321686,"Broccoli, Pass 2, Region 1, n/a, Yes, Thiamin - NFY010CUM",11.0,,,,,,,,,,,,,,,,,,,,
321687,"Broccoli, Pass 2, Region 1, n/a, Yes, Riboflavin - NFY010CUN",11.0,,,,,,,,,,,,,,,,,,,,
321688,"Broccoli, Pass 2, Region 1, n/a, Yes, Niacin - NFY010CUO",11.0,,,,,,,,,,,,,,,,,,,,
321689,"Broccoli, Pass 2, Region 1, n/a, Yes, Pantothenic Acid - NFY010CUT",11.0,,,,,,,,,,,,,,,,,,,,
321690,"Broccoli, Pass 2, Region 1, n/a, Yes, Vitamin B6 - NFY010CUU",11.0,,,,,,,,,,,,,,,,,,,,
321691,"Broccoli, Pass 2, Region 1, n/a, Yes, Folate - NFY010CUV",11.0,,,,,,,44.0,,,,,,,,,,,,,
